nama_dataset,nama_video_mentah,jenis_latihan,camera_view,total_lm_frames,total_zero_filled_lm,persentase_zero_fill_pct,frame_validator_terdampak,persentase_frame_val_terdampak_pct,zero_shoulder,zero_elbow,zero_wrist,zero_hip,zero_knee,zero_ankle
BenchPress_001,primer_benchpress_frontal_subjek01_rep1.mp4,benchpress,frontal,2112,512,24.24,0,0.0,0,0,0,0,128,128
BenchPress_002,primer_benchpress_frontal_subjek01_rep10.mp4,benchpress,frontal,2112,255,12.07,64,100.0,0,47,64,0,0,0
BenchPress_003,primer_benchpress_frontal_subjek01_rep11.mp4,benchpress,frontal,2112,316,14.96,54,84.38,0,54,54,0,2,12
BenchPress_004,primer_benchpress_frontal_subjek01_rep12.mp4,benchpress,frontal,2112,112,5.3,17,26.56,0,17,17,0,0,13
BenchPress_005,primer_benchpress_frontal_subjek01_rep13.mp4,benchpress,frontal,2112,46,2.18,7,10.94,0,7,7,0,16,16
BenchPress_006,primer_benchpress_frontal_subjek01_rep14.mp4,benchpress,frontal,2112,19,0.9,7,10.94,0,9,2,0,0,0
BenchPress_007,primer_benchpress_frontal_subjek01_rep15.mp4,benchpress,frontal,2112,168,7.95,22,34.38,0,21,7,0,37,33
BenchPress_008,primer_benchpress_frontal_subjek01_rep16.mp4,benchpress,frontal,2112,332,15.72,0,0.0,0,0,0,0,64,94
BenchPress_009,primer_benchpress_frontal_subjek01_rep17.mp4,benchpress,frontal,2112,107,5.07,3,4.69,0,3,3,0,25,25
BenchPress_010,primer_benchpress_frontal_subjek01_rep18.mp4,benchpress,frontal,2112,37,1.75,18,28.12,0,18,0,0,1,18
BenchPress_011,primer_benchpress_frontal_subjek01_rep19.mp4,benchpress,frontal,2112,195,9.23,29,45.31,0,29,13,0,44,29
BenchPress_012,primer_benchpress_frontal_subjek01_rep2.mp4,benchpress,frontal,2112,512,24.24,0,0.0,0,0,0,0,128,128
BenchPress_013,primer_benchpress_frontal_subjek01_rep20.mp4,benchpress,frontal,2112,99,4.69,21,32.81,0,21,4,0,25,18
BenchPress_014,primer_benchpress_frontal_subjek01_rep21.mp4,benchpress,frontal,2112,232,10.98,20,31.25,0,20,2,0,42,64
BenchPress_015,primer_benchpress_frontal_subjek01_rep22.mp4,benchpress,frontal,2112,80,3.79,11,17.19,0,10,10,0,16,14
BenchPress_016,primer_benchpress_frontal_subjek01_rep23.mp4,benchpress,frontal,2112,209,9.9,37,57.81,0,37,36,0,2,32
BenchPress_017,primer_benchpress_frontal_subjek01_rep24.mp4,benchpress,frontal,2112,56,2.65,9,14.06,0,9,9,0,1,10
BenchPress_018,primer_benchpress_frontal_subjek01_rep25.mp4,benchpress,frontal,2112,6,0.28,0,0.0,0,0,0,0,0,6
BenchPress_019,primer_benchpress_frontal_subjek01_rep26.mp4,benchpress,frontal,2112,13,0.62,1,1.56,0,0,1,0,2,3
BenchPress_020,primer_benchpress_frontal_subjek01_rep27.mp4,benchpress,frontal,2112,313,14.82,3,4.69,0,3,0,0,90,94
BenchPress_021,primer_benchpress_frontal_subjek01_rep28.mp4,benchpress,frontal,2112,50,2.37,3,4.69,0,2,1,0,9,30
BenchPress_022,primer_benchpress_frontal_subjek01_rep29.mp4,benchpress,frontal,2112,31,1.47,3,4.69,0,2,1,0,5,13
BenchPress_023,primer_benchpress_frontal_subjek01_rep3.mp4,benchpress,frontal,2112,512,24.24,0,0.0,0,0,0,0,128,128
BenchPress_024,primer_benchpress_frontal_subjek01_rep30.mp4,benchpress,frontal,2112,66,3.12,5,7.81,0,5,4,0,1,26
BenchPress_025,primer_benchpress_frontal_subjek01_rep31.mp4,benchpress,frontal,2112,125,5.92,4,6.25,0,4,1,0,37,33
BenchPress_026,primer_benchpress_frontal_subjek01_rep32.mp4,benchpress,frontal,2112,417,19.74,1,1.56,0,1,1,0,113,114
BenchPress_027,primer_benchpress_frontal_subjek01_rep33.mp4,benchpress,frontal,2112,37,1.75,0,0.0,0,0,0,0,10,14
BenchPress_028,primer_benchpress_frontal_subjek01_rep34.mp4,benchpress,frontal,2112,439,20.79,6,9.38,0,6,0,0,128,114
BenchPress_029,primer_benchpress_frontal_subjek01_rep35.mp4,benchpress,frontal,2112,320,15.15,4,6.25,0,4,0,0,99,62
BenchPress_030,primer_benchpress_frontal_subjek01_rep36.mp4,benchpress,frontal,2112,470,22.25,10,15.62,0,10,0,0,128,128
BenchPress_031,primer_benchpress_frontal_subjek01_rep37.mp4,benchpress,frontal,2112,441,20.88,0,0.0,0,0,0,0,128,128
BenchPress_032,primer_benchpress_frontal_subjek01_rep38.mp4,benchpress,frontal,2112,397,18.8,0,0.0,0,0,0,0,128,86
BenchPress_033,primer_benchpress_frontal_subjek01_rep39.mp4,benchpress,frontal,2112,382,18.09,4,6.25,0,4,0,0,128,94
BenchPress_034,primer_benchpress_frontal_subjek01_rep4.mp4,benchpress,frontal,2112,512,24.24,0,0.0,0,0,0,0,128,128
BenchPress_035,primer_benchpress_frontal_subjek01_rep40.mp4,benchpress,frontal,2112,326,15.44,0,0.0,0,0,0,0,87,93
BenchPress_036,primer_benchpress_frontal_subjek01_rep41.mp4,benchpress,frontal,2112,363,17.19,5,7.81,0,5,0,0,128,68
BenchPress_037,primer_benchpress_frontal_subjek01_rep42.mp4,benchpress,frontal,2112,341,16.15,0,0.0,0,0,0,0,106,105
BenchPress_038,primer_benchpress_frontal_subjek01_rep43.mp4,benchpress,frontal,2112,485,22.96,8,12.5,0,8,0,0,128,128
BenchPress_039,primer_benchpress_frontal_subjek01_rep44.mp4,benchpress,frontal,2112,458,21.69,0,0.0,0,0,0,0,128,118
BenchPress_040,primer_benchpress_frontal_subjek01_rep45.mp4,benchpress,frontal,2112,513,24.29,1,1.56,0,1,0,0,128,128
BenchPress_041,primer_benchpress_frontal_subjek01_rep46.mp4,benchpress,frontal,2112,513,24.29,1,1.56,0,1,0,0,128,128
BenchPress_042,primer_benchpress_frontal_subjek01_rep47.mp4,benchpress,frontal,2112,464,21.97,0,0.0,0,0,0,0,128,128
BenchPress_043,primer_benchpress_frontal_subjek01_rep48.mp4,benchpress,frontal,2112,498,23.58,0,0.0,0,0,0,0,128,128
BenchPress_044,primer_benchpress_frontal_subjek01_rep49.mp4,benchpress,frontal,2112,512,24.24,0,0.0,0,0,0,0,128,128
BenchPress_045,primer_benchpress_frontal_subjek01_rep5.mp4,benchpress,frontal,2112,512,24.24,0,0.0,0,0,0,0,128,128
BenchPress_046,primer_benchpress_frontal_subjek01_rep50.mp4,benchpress,frontal,2112,497,23.53,0,0.0,0,0,0,0,128,128
BenchPress_047,primer_benchpress_frontal_subjek01_rep51.mp4,benchpress,frontal,2112,522,24.72,10,15.62,0,10,0,0,128,128
BenchPress_048,primer_benchpress_frontal_subjek01_rep52.mp4,benchpress,frontal,2112,518,24.53,6,9.38,0,6,0,0,128,128
BenchPress_049,primer_benchpress_frontal_subjek01_rep53.mp4,benchpress,frontal,2112,519,24.57,21,32.81,0,21,0,0,128,128
BenchPress_050,primer_benchpress_frontal_subjek01_rep54.mp4,benchpress,frontal,2112,505,23.91,18,28.12,0,18,0,0,128,128
BenchPress_051,primer_benchpress_frontal_subjek01_rep55.mp4,benchpress,frontal,2112,519,24.57,29,45.31,0,29,0,0,128,128
BenchPress_052,primer_benchpress_frontal_subjek01_rep56.mp4,benchpress,frontal,2112,519,24.57,7,10.94,0,7,0,0,128,128
BenchPress_053,primer_benchpress_frontal_subjek01_rep57.mp4,benchpress,frontal,2112,526,24.91,14,21.88,0,14,0,0,128,128
BenchPress_054,primer_benchpress_frontal_subjek01_rep6.mp4,benchpress,frontal,2112,512,24.24,0,0.0,0,0,0,0,128,128
BenchPress_055,primer_benchpress_frontal_subjek01_rep7.mp4,benchpress,frontal,2112,296,14.02,27,42.19,0,27,1,0,55,74
BenchPress_056,primer_benchpress_frontal_subjek01_rep8.mp4,benchpress,frontal,2112,231,10.94,46,71.88,0,38,29,0,0,0
BenchPress_057,primer_benchpress_frontal_subjek01_rep9.mp4,benchpress,frontal,2112,111,5.26,22,34.38,0,22,22,0,0,3
BenchPress_058,primer_benchpress_frontal_subjek02_rep1.mp4,benchpress,frontal,2112,512,24.24,0,0.0,0,0,0,0,128,128
BenchPress_059,primer_benchpress_frontal_subjek02_rep10.mp4,benchpress,frontal,2112,512,24.24,0,0.0,0,0,0,0,128,128
BenchPress_060,primer_benchpress_frontal_subjek02_rep11.mp4,benchpress,frontal,2112,512,24.24,0,0.0,0,0,0,0,128,128
BenchPress_061,primer_benchpress_frontal_subjek02_rep12.mp4,benchpress,frontal,2112,512,24.24,0,0.0,0,0,0,0,128,128
BenchPress_062,primer_benchpress_frontal_subjek02_rep13.mp4,benchpress,frontal,2112,512,24.24,0,0.0,0,0,0,0,128,128
BenchPress_063,primer_benchpress_frontal_subjek02_rep14.mp4,benchpress,frontal,2112,512,24.24,0,0.0,0,0,0,0,128,128
BenchPress_064,primer_benchpress_frontal_subjek02_rep15.mp4,benchpress,frontal,2112,512,24.24,0,0.0,0,0,0,0,128,128
BenchPress_065,primer_benchpress_frontal_subjek02_rep16.mp4,benchpress,frontal,2112,512,24.24,0,0.0,0,0,0,0,128,128
BenchPress_066,primer_benchpress_frontal_subjek02_rep17.mp4,benchpress,frontal,2112,512,24.24,0,0.0,0,0,0,0,128,128
BenchPress_067,primer_benchpress_frontal_subjek02_rep18.mp4,benchpress,frontal,2112,512,24.24,0,0.0,0,0,0,0,128,128
BenchPress_068,primer_benchpress_frontal_subjek02_rep19.mp4,benchpress,frontal,2112,512,24.24,0,0.0,0,0,0,0,128,128
BenchPress_069,primer_benchpress_frontal_subjek02_rep2.mp4,benchpress,frontal,2112,512,24.24,0,0.0,0,0,0,0,128,128
BenchPress_070,primer_benchpress_frontal_subjek02_rep20.mp4,benchpress,frontal,2112,512,24.24,0,0.0,0,0,0,0,128,128
BenchPress_071,primer_benchpress_frontal_subjek02_rep21.mp4,benchpress,frontal,2112,512,24.24,0,0.0,0,0,0,0,128,128
BenchPress_072,primer_benchpress_frontal_subjek02_rep22.mp4,benchpress,frontal,2112,512,24.24,0,0.0,0,0,0,0,128,128
BenchPress_073,primer_benchpress_frontal_subjek02_rep23.mp4,benchpress,frontal,2112,512,24.24,0,0.0,0,0,0,0,128,128
BenchPress_074,primer_benchpress_frontal_subjek02_rep24.mp4,benchpress,frontal,2112,512,24.24,0,0.0,0,0,0,0,128,128
BenchPress_075,primer_benchpress_frontal_subjek02_rep25.mp4,benchpress,frontal,2112,512,24.24,0,0.0,0,0,0,0,128,128
BenchPress_076,primer_benchpress_frontal_subjek02_rep26.mp4,benchpress,frontal,2112,512,24.24,0,0.0,0,0,0,0,128,128
BenchPress_077,primer_benchpress_frontal_subjek02_rep27.mp4,benchpress,frontal,2112,512,24.24,0,0.0,0,0,0,0,128,128
BenchPress_078,primer_benchpress_frontal_subjek02_rep28.mp4,benchpress,frontal,2112,512,24.24,0,0.0,0,0,0,0,128,128
BenchPress_079,primer_benchpress_frontal_subjek02_rep3.mp4,benchpress,frontal,2112,512,24.24,0,0.0,0,0,0,0,128,128
BenchPress_080,primer_benchpress_frontal_subjek02_rep4.mp4,benchpress,frontal,2112,512,24.24,0,0.0,0,0,0,0,128,128
BenchPress_081,primer_benchpress_frontal_subjek02_rep5.mp4,benchpress,frontal,2112,512,24.24,0,0.0,0,0,0,0,128,128
BenchPress_082,primer_benchpress_frontal_subjek02_rep6.mp4,benchpress,frontal,2112,512,24.24,0,0.0,0,0,0,0,128,128
BenchPress_083,primer_benchpress_frontal_subjek02_rep7.mp4,benchpress,frontal,2112,512,24.24,0,0.0,0,0,0,0,128,128
BenchPress_084,primer_benchpress_frontal_subjek02_rep8.mp4,benchpress,frontal,2112,512,24.24,0,0.0,0,0,0,0,128,128
BenchPress_085,primer_benchpress_frontal_subjek02_rep9.mp4,benchpress,frontal,2112,512,24.24,0,0.0,0,0,0,0,128,128
BenchPress_086,primer_benchpress_frontal_subjek03_rep1.mp4,benchpress,frontal,2112,462,21.88,0,0.0,0,0,0,0,78,128
BenchPress_087,primer_benchpress_frontal_subjek03_rep10.mp4,benchpress,frontal,2112,388,18.37,0,0.0,0,0,0,0,4,128
BenchPress_088,primer_benchpress_frontal_subjek03_rep11.mp4,benchpress,frontal,2112,465,22.02,0,0.0,0,0,0,0,81,128
BenchPress_089,primer_benchpress_frontal_subjek03_rep12.mp4,benchpress,frontal,2112,413,19.55,0,0.0,0,0,0,0,29,128
BenchPress_090,primer_benchpress_frontal_subjek03_rep13.mp4,benchpress,frontal,2112,441,20.88,0,0.0,0,0,0,0,57,128
BenchPress_091,primer_benchpress_frontal_subjek03_rep14.mp4,benchpress,frontal,2112,427,20.22,0,0.0,0,0,0,0,43,128
BenchPress_092,primer_benchpress_frontal_subjek03_rep15.mp4,benchpress,frontal,2112,454,21.5,0,0.0,0,0,0,0,70,128
BenchPress_093,primer_benchpress_frontal_subjek03_rep2.mp4,benchpress,frontal,2112,415,19.65,0,0.0,0,0,0,0,31,128
BenchPress_094,primer_benchpress_frontal_subjek03_rep3.mp4,benchpress,frontal,2112,395,18.7,0,0.0,0,0,0,0,11,128
BenchPress_095,primer_benchpress_frontal_subjek03_rep4.mp4,benchpress,frontal,2112,391,18.51,0,0.0,0,0,0,0,7,128
BenchPress_096,primer_benchpress_frontal_subjek03_rep5.mp4,benchpress,frontal,2112,401,18.99,0,0.0,0,0,0,0,17,128
BenchPress_097,primer_benchpress_frontal_subjek03_rep6.mp4,benchpress,frontal,2112,445,21.07,0,0.0,0,0,0,0,61,128
BenchPress_098,primer_benchpress_frontal_subjek03_rep7.mp4,benchpress,frontal,2112,430,20.36,0,0.0,0,0,0,0,46,128
BenchPress_099,primer_benchpress_frontal_subjek03_rep8.mp4,benchpress,frontal,2112,395,18.7,0,0.0,0,0,0,0,11,128
BenchPress_100,primer_benchpress_frontal_subjek03_rep9.mp4,benchpress,frontal,2112,450,21.31,0,0.0,0,0,0,0,66,128
BenchPress_101,sekunder_sekunder_benchpress_kaggle01_rep01.mp4,benchpress,sekunder_kaggle,2112,0,0.0,0,0.0,0,0,0,0,0,0
BenchPress_102,sekunder_sekunder_benchpress_kaggle02_rep02.mp4,benchpress,sekunder_kaggle,2112,6,0.28,3,4.69,0,3,0,0,0,0
BenchPress_103,sekunder_sekunder_benchpress_kaggle03_rep03.mp4,benchpress,sekunder_kaggle,2112,282,13.35,42,65.62,0,42,0,0,0,99
BenchPress_104,sekunder_sekunder_benchpress_kaggle04_rep04.mp4,benchpress,sekunder_kaggle,2112,325,15.39,3,4.69,0,3,3,0,72,92
BenchPress_105,sekunder_sekunder_benchpress_kaggle05_rep05.mp4,benchpress,sekunder_kaggle,2112,46,2.18,17,26.56,0,17,17,0,0,0
BenchPress_108,sekunder_sekunder_benchpress_kaggle08_rep08.mp4,benchpress,sekunder_kaggle,2112,128,6.06,0,0.0,0,0,0,0,0,94
BenchPress_109,sekunder_sekunder_benchpress_kaggle09_rep09.mp4,benchpress,sekunder_kaggle,2112,576,27.27,64,100.0,0,64,64,0,0,128
BenchPress_110,sekunder_sekunder_benchpress_kaggle100_rep100.mp4,benchpress,sekunder_kaggle,2112,512,24.24,0,0.0,0,0,0,0,128,128
BenchPress_111,sekunder_sekunder_benchpress_kaggle10_rep10.mp4,benchpress,sekunder_kaggle,2112,318,15.06,48,75.0,0,48,0,0,0,93
BenchPress_112,sekunder_sekunder_benchpress_kaggle11_rep11.mp4,benchpress,sekunder_kaggle,2112,302,14.3,64,100.0,0,64,0,0,0,128
BenchPress_113,sekunder_sekunder_benchpress_kaggle12_rep12.mp4,benchpress,sekunder_kaggle,2112,258,12.22,40,62.5,0,40,40,0,45,6
BenchPress_114,sekunder_sekunder_benchpress_kaggle13_rep13.mp4,benchpress,sekunder_kaggle,2112,494,23.39,64,100.0,0,64,54,0,64,66
BenchPress_115,sekunder_sekunder_benchpress_kaggle14_rep14.mp4,benchpress,sekunder_kaggle,2112,438,20.74,7,10.94,0,7,0,0,47,128
BenchPress_116,sekunder_sekunder_benchpress_kaggle15_rep15.mp4,benchpress,sekunder_kaggle,2112,512,24.24,0,0.0,0,0,0,0,128,128
BenchPress_117,sekunder_sekunder_benchpress_kaggle16_rep16.mp4,benchpress,sekunder_kaggle,2112,323,15.29,35,54.69,0,35,8,0,64,66
BenchPress_118,sekunder_sekunder_benchpress_kaggle17_rep17.mp4,benchpress,sekunder_kaggle,2112,359,17.0,41,64.06,0,41,4,0,74,75
BenchPress_120,sekunder_sekunder_benchpress_kaggle19_rep19.mp4,benchpress,sekunder_kaggle,2112,416,19.7,11,17.19,0,11,0,0,103,100
BenchPress_121,sekunder_sekunder_benchpress_kaggle20_rep20.mp4,benchpress,sekunder_kaggle,2112,467,22.11,54,84.38,0,54,2,0,100,102
BenchPress_122,sekunder_sekunder_benchpress_kaggle21_rep21.mp4,benchpress,sekunder_kaggle,2112,308,14.58,24,37.5,0,27,0,0,85,74
BenchPress_123,sekunder_sekunder_benchpress_kaggle22_rep22.mp4,benchpress,sekunder_kaggle,2112,477,22.59,1,1.56,0,1,0,0,92,128
BenchPress_124,sekunder_sekunder_benchpress_kaggle23_rep23.mp4,benchpress,sekunder_kaggle,2112,576,27.27,64,100.0,0,64,0,0,128,128
BenchPress_125,sekunder_sekunder_benchpress_kaggle24_rep24.mp4,benchpress,sekunder_kaggle,2112,343,16.24,0,0.0,0,0,0,0,71,100
BenchPress_127,sekunder_sekunder_benchpress_kaggle26_rep26.mp4,benchpress,sekunder_kaggle,2112,576,27.27,64,100.0,0,64,0,0,128,128
BenchPress_128,sekunder_sekunder_benchpress_kaggle27_rep27.mp4,benchpress,sekunder_kaggle,2112,512,24.24,0,0.0,0,0,0,0,128,128
BenchPress_129,sekunder_sekunder_benchpress_kaggle28_rep28.mp4,benchpress,sekunder_kaggle,2112,60,2.84,9,14.06,0,9,8,0,1,1
BenchPress_130,sekunder_sekunder_benchpress_kaggle29_rep29.mp4,benchpress,sekunder_kaggle,2112,397,18.8,3,4.69,0,3,0,0,10,128
BenchPress_131,sekunder_sekunder_benchpress_kaggle30_rep30.mp4,benchpress,sekunder_kaggle,2112,284,13.45,53,82.81,0,53,0,0,0,70
BenchPress_132,sekunder_sekunder_benchpress_kaggle31_rep31.mp4,benchpress,sekunder_kaggle,2112,354,16.76,64,100.0,0,64,64,0,34,0
BenchPress_133,sekunder_sekunder_benchpress_kaggle32_rep32.mp4,benchpress,sekunder_kaggle,2112,221,10.46,38,59.38,0,38,1,0,3,50
BenchPress_134,sekunder_sekunder_benchpress_kaggle33_rep33.mp4,benchpress,sekunder_kaggle,2112,379,17.95,64,100.0,0,64,1,0,0,107
BenchPress_135,sekunder_sekunder_benchpress_kaggle34_rep34.mp4,benchpress,sekunder_kaggle,2112,0,0.0,0,0.0,0,0,0,0,0,0
BenchPress_137,sekunder_sekunder_benchpress_kaggle36_rep36.mp4,benchpress,sekunder_kaggle,2112,45,2.13,11,17.19,0,11,11,0,0,0
BenchPress_138,sekunder_sekunder_benchpress_kaggle37_rep37.mp4,benchpress,sekunder_kaggle,2112,58,2.75,29,45.31,0,29,29,0,0,0
BenchPress_139,sekunder_sekunder_benchpress_kaggle38_rep38.mp4,benchpress,sekunder_kaggle,2112,287,13.59,58,90.62,0,58,0,0,0,87
BenchPress_140,sekunder_sekunder_benchpress_kaggle39_rep39.mp4,benchpress,sekunder_kaggle,2112,512,24.24,5,7.81,0,5,0,0,123,128
BenchPress_141,sekunder_sekunder_benchpress_kaggle40_rep40.mp4,benchpress,sekunder_kaggle,2112,352,16.67,0,0.0,0,0,0,0,92,90
BenchPress_143,sekunder_sekunder_benchpress_kaggle42_rep42.mp4,benchpress,sekunder_kaggle,2112,576,27.27,64,100.0,0,64,0,0,128,128
BenchPress_144,sekunder_sekunder_benchpress_kaggle43_rep43.mp4,benchpress,sekunder_kaggle,2112,66,3.12,0,0.0,0,0,0,0,0,66
BenchPress_145,sekunder_sekunder_benchpress_kaggle44_rep44.mp4,benchpress,sekunder_kaggle,2112,397,18.8,3,4.69,0,3,0,0,10,128
BenchPress_146,sekunder_sekunder_benchpress_kaggle45_rep45.mp4,benchpress,sekunder_kaggle,2112,45,2.13,11,17.19,0,11,11,0,0,0
BenchPress_147,sekunder_sekunder_benchpress_kaggle46_rep46.mp4,benchpress,sekunder_kaggle,2112,46,2.18,17,26.56,0,17,17,0,0,0
BenchPress_149,sekunder_sekunder_benchpress_kaggle48_rep48.mp4,benchpress,sekunder_kaggle,2112,352,16.67,0,0.0,0,0,0,0,92,90
BenchPress_150,sekunder_sekunder_benchpress_kaggle49_rep49.mp4,benchpress,sekunder_kaggle,2112,512,24.24,0,0.0,0,0,0,0,128,128
BenchPress_151,sekunder_sekunder_benchpress_kaggle50_rep50.mp4,benchpress,sekunder_kaggle,2112,512,24.24,0,0.0,0,0,0,0,128,128
BenchPress_152,sekunder_sekunder_benchpress_kaggle51_rep51.mp4,benchpress,sekunder_kaggle,2112,512,24.24,0,0.0,0,0,0,0,128,128
BenchPress_153,sekunder_sekunder_benchpress_kaggle52_rep52.mp4,benchpress,sekunder_kaggle,2112,323,15.29,35,54.69,0,35,8,0,64,66
BenchPress_154,sekunder_sekunder_benchpress_kaggle53_rep53.mp4,benchpress,sekunder_kaggle,2112,438,20.74,7,10.94,0,7,0,0,47,128
BenchPress_155,sekunder_sekunder_benchpress_kaggle54_rep54.mp4,benchpress,sekunder_kaggle,2112,354,16.76,64,100.0,0,64,64,0,34,0
BenchPress_157,sekunder_sekunder_benchpress_kaggle56_rep56.mp4,benchpress,sekunder_kaggle,2112,576,27.27,64,100.0,0,64,0,0,128,128
BenchPress_158,sekunder_sekunder_benchpress_kaggle57_rep57.mp4,benchpress,sekunder_kaggle,2112,576,27.27,64,100.0,0,64,0,0,128,128
BenchPress_159,sekunder_sekunder_benchpress_kaggle58_rep58.mp4,benchpress,sekunder_kaggle,2112,358,16.95,0,0.0,0,0,0,0,56,101
BenchPress_160,sekunder_sekunder_benchpress_kaggle59_rep59.mp4,benchpress,sekunder_kaggle,2112,512,24.24,0,0.0,0,0,0,0,128,128
BenchPress_161,sekunder_sekunder_benchpress_kaggle60_rep60.mp4,benchpress,sekunder_kaggle,2112,285,13.49,29,45.31,0,29,25,0,0,64
BenchPress_162,sekunder_sekunder_benchpress_kaggle61_rep61.mp4,benchpress,sekunder_kaggle,2112,221,10.46,38,59.38,0,38,1,0,3,50
BenchPress_163,sekunder_sekunder_benchpress_kaggle62_rep62.mp4,benchpress,sekunder_kaggle,2112,0,0.0,0,0.0,0,0,0,0,0,0
BenchPress_164,sekunder_sekunder_benchpress_kaggle63_rep63.mp4,benchpress,sekunder_kaggle,2112,66,3.12,0,0.0,0,0,0,0,0,66
BenchPress_165,sekunder_sekunder_benchpress_kaggle64_rep64.mp4,benchpress,sekunder_kaggle,2112,287,13.59,58,90.62,0,58,0,0,0,87
BenchPress_167,sekunder_sekunder_benchpress_kaggle66_rep66.mp4,benchpress,sekunder_kaggle,2112,318,15.06,48,75.0,0,48,0,0,0,93
BenchPress_168,sekunder_sekunder_benchpress_kaggle67_rep67.mp4,benchpress,sekunder_kaggle,2112,379,17.95,64,100.0,0,64,1,0,0,107
BenchPress_169,sekunder_sekunder_benchpress_kaggle68_rep68.mp4,benchpress,sekunder_kaggle,2112,128,6.06,0,0.0,0,0,0,0,0,94
BenchPress_170,sekunder_sekunder_benchpress_kaggle69_rep69.mp4,benchpress,sekunder_kaggle,2112,284,13.45,53,82.81,0,53,0,0,0,70
BenchPress_172,sekunder_sekunder_benchpress_kaggle71_rep71.mp4,benchpress,sekunder_kaggle,2112,282,13.35,42,65.62,0,42,0,0,0,99
BenchPress_173,sekunder_sekunder_benchpress_kaggle72_rep72.mp4,benchpress,sekunder_kaggle,2112,445,21.07,3,4.69,0,3,1,0,93,117
BenchPress_174,sekunder_sekunder_benchpress_kaggle73_rep73.mp4,benchpress,sekunder_kaggle,2112,512,24.24,0,0.0,0,0,0,0,128,128
BenchPress_176,sekunder_sekunder_benchpress_kaggle75_rep75.mp4,benchpress,sekunder_kaggle,2112,308,14.58,24,37.5,0,27,0,0,85,74
BenchPress_177,sekunder_sekunder_benchpress_kaggle76_rep76.mp4,benchpress,sekunder_kaggle,2112,415,19.65,21,32.81,0,21,0,0,101,98
BenchPress_178,sekunder_sekunder_benchpress_kaggle77_rep77.mp4,benchpress,sekunder_kaggle,2112,576,27.27,64,100.0,0,64,64,0,0,128
BenchPress_179,sekunder_sekunder_benchpress_kaggle78_rep78.mp4,benchpress,sekunder_kaggle,2112,258,12.22,40,62.5,0,40,40,0,45,6
BenchPress_180,sekunder_sekunder_benchpress_kaggle79_rep79.mp4,benchpress,sekunder_kaggle,2112,70,3.31,14,21.88,0,14,14,0,0,0
BenchPress_181,sekunder_sekunder_benchpress_kaggle80_rep80.mp4,benchpress,sekunder_kaggle,2112,60,2.84,9,14.06,0,9,8,0,1,1
BenchPress_182,sekunder_sekunder_benchpress_kaggle81_rep81.mp4,benchpress,sekunder_kaggle,2112,512,24.24,0,0.0,0,0,0,0,128,128
BenchPress_183,sekunder_sekunder_benchpress_kaggle82_rep82.mp4,benchpress,sekunder_kaggle,2112,359,17.0,41,64.06,0,41,4,0,74,75
BenchPress_184,sekunder_sekunder_benchpress_kaggle83_rep83.mp4,benchpress,sekunder_kaggle,2112,305,14.44,0,0.0,0,0,0,0,57,85
BenchPress_185,sekunder_sekunder_benchpress_kaggle84_rep84.mp4,benchpress,sekunder_kaggle,2112,58,2.75,29,45.31,0,29,29,0,0,0
BenchPress_186,sekunder_sekunder_benchpress_kaggle85_rep85.mp4,benchpress,sekunder_kaggle,2112,0,0.0,0,0.0,0,0,0,0,0,0
BenchPress_187,sekunder_sekunder_benchpress_kaggle86_rep86.mp4,benchpress,sekunder_kaggle,2112,6,0.28,3,4.69,0,3,0,0,0,0
BenchPress_188,sekunder_sekunder_benchpress_kaggle87_rep87.mp4,benchpress,sekunder_kaggle,2112,17,0.8,4,6.25,0,4,4,0,0,0
BenchPress_189,sekunder_sekunder_benchpress_kaggle88_rep88.mp4,benchpress,sekunder_kaggle,2112,0,0.0,0,0.0,0,0,0,0,0,0
BenchPress_191,sekunder_sekunder_benchpress_kaggle90_rep90.mp4,benchpress,sekunder_kaggle,2112,494,23.39,64,100.0,0,64,54,0,64,66
BenchPress_192,sekunder_sekunder_benchpress_kaggle91_rep91.mp4,benchpress,sekunder_kaggle,2112,302,14.3,64,100.0,0,64,0,0,0,128
BenchPress_193,sekunder_sekunder_benchpress_kaggle92_rep92.mp4,benchpress,sekunder_kaggle,2112,285,13.49,29,45.31,0,29,25,0,0,64
BenchPress_194,sekunder_sekunder_benchpress_kaggle93_rep93.mp4,benchpress,sekunder_kaggle,2112,17,0.8,4,6.25,0,4,4,0,0,0
BenchPress_196,sekunder_sekunder_benchpress_kaggle95_rep95.mp4,benchpress,sekunder_kaggle,2112,0,0.0,0,0.0,0,0,0,0,0,0
BenchPress_197,sekunder_sekunder_benchpress_kaggle96_rep96.mp4,benchpress,sekunder_kaggle,2112,512,24.24,0,0.0,0,0,0,0,128,128
BenchPress_198,sekunder_sekunder_benchpress_kaggle97_rep97.mp4,benchpress,sekunder_kaggle,2112,305,14.44,0,0.0,0,0,0,0,57,85
BenchPress_199,sekunder_sekunder_benchpress_kaggle98_rep98.mp4,benchpress,sekunder_kaggle,2112,512,24.24,0,0.0,0,0,0,0,128,128
BenchPress_200,sekunder_sekunder_benchpress_kaggle99_rep99.mp4,benchpress,sekunder_kaggle,2112,512,24.24,0,0.0,0,0,0,0,128,128
Deadlift_001,primer_deadlift_lateral_subjek01_rep1.mp4,deadlift,lateral,2112,355,16.81,0,0.0,0,49,60,0,53,7
Deadlift_002,primer_deadlift_lateral_subjek01_rep10.mp4,deadlift,lateral,2112,130,6.16,0,0.0,0,12,17,0,15,13
Deadlift_003,primer_deadlift_lateral_subjek01_rep11.mp4,deadlift,lateral,2112,455,21.54,0,0.0,0,45,64,0,64,48
Deadlift_004,primer_deadlift_lateral_subjek01_rep12.mp4,deadlift,lateral,2112,427,20.22,0,0.0,0,42,64,0,64,30
Deadlift_005,primer_deadlift_lateral_subjek01_rep13.mp4,deadlift,lateral,2112,178,8.43,0,0.0,0,23,26,0,24,11
Deadlift_006,primer_deadlift_lateral_subjek01_rep14.mp4,deadlift,lateral,2112,346,16.38,0,0.0,0,29,64,0,41,10
Deadlift_007,primer_deadlift_lateral_subjek01_rep15.mp4,deadlift,lateral,2112,241,11.41,0,0.0,0,26,37,0,36,17
Deadlift_008,primer_deadlift_lateral_subjek01_rep16.mp4,deadlift,lateral,2112,376,17.8,0,0.0,0,36,64,0,46,28
Deadlift_009,primer_deadlift_lateral_subjek01_rep17.mp4,deadlift,lateral,2112,324,15.34,0,0.0,0,40,63,0,8,8
Deadlift_010,primer_deadlift_lateral_subjek01_rep18.mp4,deadlift,lateral,2112,312,14.77,0,0.0,0,41,57,0,11,8
Deadlift_011,primer_deadlift_lateral_subjek01_rep19.mp4,deadlift,lateral,2112,253,11.98,0,0.0,0,38,44,0,12,9
Deadlift_012,primer_deadlift_lateral_subjek01_rep2.mp4,deadlift,lateral,2112,462,21.88,0,0.0,0,64,75,0,34,31
Deadlift_013,primer_deadlift_lateral_subjek01_rep20.mp4,deadlift,lateral,2112,214,10.13,0,0.0,0,33,40,0,7,4
Deadlift_014,primer_deadlift_lateral_subjek01_rep21.mp4,deadlift,lateral,2112,425,20.12,0,0.0,0,64,75,0,50,9
Deadlift_015,primer_deadlift_lateral_subjek01_rep22.mp4,deadlift,lateral,2112,450,21.31,0,0.0,0,64,76,0,31,21
Deadlift_016,primer_deadlift_lateral_subjek01_rep23.mp4,deadlift,lateral,2112,392,18.56,0,0.0,0,64,73,0,35,0
Deadlift_017,primer_deadlift_lateral_subjek01_rep24.mp4,deadlift,lateral,2112,436,20.64,0,0.0,0,64,78,0,29,18
Deadlift_018,primer_deadlift_lateral_subjek01_rep25.mp4,deadlift,lateral,2112,423,20.03,0,0.0,0,64,74,0,29,19
Deadlift_019,primer_deadlift_lateral_subjek01_rep26.mp4,deadlift,lateral,2112,444,21.02,0,0.0,0,64,76,0,26,24
Deadlift_020,primer_deadlift_lateral_subjek01_rep27.mp4,deadlift,lateral,2112,525,24.86,0,0.0,0,64,64,0,64,50
Deadlift_021,primer_deadlift_lateral_subjek01_rep28.mp4,deadlift,lateral,2112,548,25.95,0,0.0,0,64,64,0,64,64
Deadlift_022,primer_deadlift_lateral_subjek01_rep29.mp4,deadlift,lateral,2112,563,26.66,0,0.0,0,64,64,0,64,64
Deadlift_023,primer_deadlift_lateral_subjek01_rep3.mp4,deadlift,lateral,2112,488,23.11,0,0.0,0,64,74,0,31,28
Deadlift_024,primer_deadlift_lateral_subjek01_rep30.mp4,deadlift,lateral,2112,547,25.9,0,0.0,0,64,64,0,64,55
Deadlift_025,primer_deadlift_lateral_subjek01_rep31.mp4,deadlift,lateral,2112,547,25.9,0,0.0,0,64,64,0,64,64
Deadlift_026,primer_deadlift_lateral_subjek01_rep32.mp4,deadlift,lateral,2112,552,26.14,0,0.0,0,64,64,0,64,64
Deadlift_027,primer_deadlift_lateral_subjek01_rep33.mp4,deadlift,lateral,2112,576,27.27,0,0.0,0,64,64,0,64,64
Deadlift_028,primer_deadlift_lateral_subjek01_rep34.mp4,deadlift,lateral,2112,515,24.38,0,0.0,0,64,64,0,64,51
Deadlift_029,primer_deadlift_lateral_subjek01_rep4.mp4,deadlift,lateral,2112,488,23.11,0,0.0,0,64,74,0,26,23
Deadlift_030,primer_deadlift_lateral_subjek01_rep5.mp4,deadlift,lateral,2112,452,21.4,0,0.0,0,57,70,0,41,36
Deadlift_031,primer_deadlift_lateral_subjek01_rep6.mp4,deadlift,lateral,2112,313,14.82,0,0.0,0,20,59,0,64,42
Deadlift_032,primer_deadlift_lateral_subjek01_rep7.mp4,deadlift,lateral,2112,407,19.27,0,0.0,0,37,64,0,64,25
Deadlift_033,primer_deadlift_lateral_subjek01_rep8.mp4,deadlift,lateral,2112,497,23.53,0,0.0,0,64,64,0,57,53
Deadlift_034,primer_deadlift_lateral_subjek01_rep9.mp4,deadlift,lateral,2112,434,20.55,0,0.0,0,46,64,0,57,31
Deadlift_035,sekunder_sekunder_deadlift_kaggle01_rep01.mp4,deadlift,sekunder_kaggle,2112,4,0.19,0,0.0,0,0,0,0,0,0
Deadlift_036,sekunder_sekunder_deadlift_kaggle02_rep02.mp4,deadlift,sekunder_kaggle,2112,333,15.77,0,0.0,0,55,55,0,49,9
Deadlift_037,sekunder_sekunder_deadlift_kaggle03_rep03.mp4,deadlift,sekunder_kaggle,2112,0,0.0,0,0.0,0,0,0,0,0,0
Deadlift_038,sekunder_sekunder_deadlift_kaggle04_rep04.mp4,deadlift,sekunder_kaggle,2112,260,12.31,0,0.0,0,28,58,0,0,0
Deadlift_039,sekunder_sekunder_deadlift_kaggle05_rep05.mp4,deadlift,sekunder_kaggle,2112,336,15.91,0,0.0,0,39,65,0,0,0
Deadlift_040,sekunder_sekunder_deadlift_kaggle06_rep06.mp4,deadlift,sekunder_kaggle,2112,0,0.0,0,0.0,0,0,0,0,0,0
Deadlift_042,sekunder_sekunder_deadlift_kaggle08_rep08.mp4,deadlift,sekunder_kaggle,2112,0,0.0,0,0.0,0,0,0,0,0,0
Deadlift_043,sekunder_sekunder_deadlift_kaggle09_rep09.mp4,deadlift,sekunder_kaggle,2112,271,12.83,0,0.0,0,41,48,0,21,7
Deadlift_044,sekunder_sekunder_deadlift_kaggle100_rep100.mp4,deadlift,sekunder_kaggle,2112,2,0.09,0,0.0,0,0,0,0,0,0
Deadlift_045,sekunder_sekunder_deadlift_kaggle10_rep10.mp4,deadlift,sekunder_kaggle,2112,360,17.05,0,0.0,0,46,48,0,46,33
Deadlift_046,sekunder_sekunder_deadlift_kaggle11_rep11.mp4,deadlift,sekunder_kaggle,2112,453,21.45,0,0.0,0,64,64,0,57,44
Deadlift_047,sekunder_sekunder_deadlift_kaggle12_rep12.mp4,deadlift,sekunder_kaggle,2112,31,1.47,0,0.0,0,4,0,0,8,7
Deadlift_048,sekunder_sekunder_deadlift_kaggle13_rep13.mp4,deadlift,sekunder_kaggle,2112,71,3.36,0,0.0,0,10,3,0,14,16
Deadlift_049,sekunder_sekunder_deadlift_kaggle14_rep14.mp4,deadlift,sekunder_kaggle,2112,0,0.0,0,0.0,0,0,0,0,0,0
Deadlift_050,sekunder_sekunder_deadlift_kaggle15_rep15.mp4,deadlift,sekunder_kaggle,2112,331,15.67,0,0.0,0,60,24,0,57,43
Deadlift_051,sekunder_sekunder_deadlift_kaggle16_rep16.mp4,deadlift,sekunder_kaggle,2112,0,0.0,0,0.0,0,0,0,0,0,0
Deadlift_052,sekunder_sekunder_deadlift_kaggle17_rep17.mp4,deadlift,sekunder_kaggle,2112,44,2.08,0,0.0,0,7,7,0,3,3
Deadlift_053,sekunder_sekunder_deadlift_kaggle18_rep18.mp4,deadlift,sekunder_kaggle,2112,0,0.0,0,0.0,0,0,0,0,0,0
Deadlift_054,sekunder_sekunder_deadlift_kaggle19_rep19.mp4,deadlift,sekunder_kaggle,2112,576,27.27,0,0.0,0,64,64,0,64,64
Deadlift_055,sekunder_sekunder_deadlift_kaggle20_rep20.mp4,deadlift,sekunder_kaggle,2112,374,17.71,0,0.0,0,64,64,0,46,8
Deadlift_056,sekunder_sekunder_deadlift_kaggle21_rep21.mp4,deadlift,sekunder_kaggle,2112,93,4.4,0,0.0,0,6,1,0,27,24
Deadlift_057,sekunder_sekunder_deadlift_kaggle22_rep22.mp4,deadlift,sekunder_kaggle,2112,4,0.19,0,0.0,0,2,0,0,2,0
Deadlift_058,sekunder_sekunder_deadlift_kaggle23_rep23.mp4,deadlift,sekunder_kaggle,2112,6,0.28,0,0.0,0,0,0,0,0,3
Deadlift_059,sekunder_sekunder_deadlift_kaggle24_rep24.mp4,deadlift,sekunder_kaggle,2112,22,1.04,0,0.0,0,4,0,0,0,8
Deadlift_060,sekunder_sekunder_deadlift_kaggle25_rep25.mp4,deadlift,sekunder_kaggle,2112,346,16.38,0,0.0,0,59,51,0,31,31
Deadlift_061,sekunder_sekunder_deadlift_kaggle26_rep26.mp4,deadlift,sekunder_kaggle,2112,0,0.0,0,0.0,0,0,0,0,0,0
Deadlift_062,sekunder_sekunder_deadlift_kaggle27_rep27.mp4,deadlift,sekunder_kaggle,2112,394,18.66,0,0.0,0,61,64,0,46,22
Deadlift_063,sekunder_sekunder_deadlift_kaggle28_rep28.mp4,deadlift,sekunder_kaggle,2112,479,22.68,0,0.0,0,57,51,0,54,55
Deadlift_064,sekunder_sekunder_deadlift_kaggle29_rep29.mp4,deadlift,sekunder_kaggle,2112,0,0.0,0,0.0,0,0,0,0,0,0
Deadlift_065,sekunder_sekunder_deadlift_kaggle30_rep30.mp4,deadlift,sekunder_kaggle,2112,4,0.19,0,0.0,0,0,0,0,0,2
Deadlift_066,sekunder_sekunder_deadlift_kaggle31_rep31.mp4,deadlift,sekunder_kaggle,2112,320,15.15,0,0.0,0,64,64,0,0,0
Deadlift_067,sekunder_sekunder_deadlift_kaggle32_rep32.mp4,deadlift,sekunder_kaggle,2112,0,0.0,0,0.0,0,0,0,0,0,0
Deadlift_069,sekunder_sekunder_deadlift_kaggle34_rep34.mp4,deadlift,sekunder_kaggle,2112,2,0.09,0,0.0,0,0,0,0,0,0
Deadlift_070,sekunder_sekunder_deadlift_kaggle35_rep35.mp4,deadlift,sekunder_kaggle,2112,511,24.2,0,0.0,0,64,64,0,64,60
Deadlift_072,sekunder_sekunder_deadlift_kaggle37_rep37.mp4,deadlift,sekunder_kaggle,2112,251,11.88,0,0.0,0,23,17,0,42,43
Deadlift_073,sekunder_sekunder_deadlift_kaggle38_rep38.mp4,deadlift,sekunder_kaggle,2112,0,0.0,0,0.0,0,0,0,0,0,0
Deadlift_074,sekunder_sekunder_deadlift_kaggle39_rep39.mp4,deadlift,sekunder_kaggle,2112,366,17.33,0,0.0,0,26,31,0,48,59
Deadlift_075,sekunder_sekunder_deadlift_kaggle40_rep40.mp4,deadlift,sekunder_kaggle,2112,413,19.55,0,0.0,0,64,35,0,59,56
Deadlift_076,sekunder_sekunder_deadlift_kaggle41_rep41.mp4,deadlift,sekunder_kaggle,2112,476,22.54,0,0.0,0,64,64,0,64,64
Deadlift_077,sekunder_sekunder_deadlift_kaggle42_rep42.mp4,deadlift,sekunder_kaggle,2112,372,17.61,0,0.0,0,64,64,0,36,4
Deadlift_078,sekunder_sekunder_deadlift_kaggle43_rep43.mp4,deadlift,sekunder_kaggle,2112,268,12.69,0,0.0,0,12,64,0,0,0
Deadlift_079,sekunder_sekunder_deadlift_kaggle44_rep44.mp4,deadlift,sekunder_kaggle,2112,0,0.0,0,0.0,0,0,0,0,0,0
Deadlift_080,sekunder_sekunder_deadlift_kaggle45_rep45.mp4,deadlift,sekunder_kaggle,2112,0,0.0,0,0.0,0,0,0,0,0,0
Deadlift_081,sekunder_sekunder_deadlift_kaggle46_rep46.mp4,deadlift,sekunder_kaggle,2112,15,0.71,0,0.0,0,4,0,0,6,1
Deadlift_082,sekunder_sekunder_deadlift_kaggle47_rep47.mp4,deadlift,sekunder_kaggle,2112,566,26.8,0,0.0,0,64,64,0,54,64
Deadlift_083,sekunder_sekunder_deadlift_kaggle48_rep48.mp4,deadlift,sekunder_kaggle,2112,3,0.14,0,0.0,0,1,0,0,0,1
Deadlift_084,sekunder_sekunder_deadlift_kaggle49_rep49.mp4,deadlift,sekunder_kaggle,2112,0,0.0,0,0.0,0,0,0,0,0,0
Deadlift_085,sekunder_sekunder_deadlift_kaggle50_rep50.mp4,deadlift,sekunder_kaggle,2112,2,0.09,0,0.0,0,0,0,0,0,1
Deadlift_086,sekunder_sekunder_deadlift_kaggle51_rep51.mp4,deadlift,sekunder_kaggle,2112,377,17.85,0,0.0,0,64,64,0,52,5
Deadlift_087,sekunder_sekunder_deadlift_kaggle52_rep52.mp4,deadlift,sekunder_kaggle,2112,353,16.71,0,0.0,0,64,64,0,27,0
Deadlift_088,sekunder_sekunder_deadlift_kaggle53_rep53.mp4,deadlift,sekunder_kaggle,2112,48,2.27,0,0.0,0,0,12,0,0,0
Deadlift_089,sekunder_sekunder_deadlift_kaggle54_rep54.mp4,deadlift,sekunder_kaggle,2112,324,15.34,0,0.0,0,57,48,0,30,17
Deadlift_090,sekunder_sekunder_deadlift_kaggle55_rep55.mp4,deadlift,sekunder_kaggle,2112,538,25.47,0,0.0,0,64,64,0,64,64
Deadlift_092,sekunder_sekunder_deadlift_kaggle57_rep57.mp4,deadlift,sekunder_kaggle,2112,6,0.28,0,0.0,0,3,0,0,3,0
Deadlift_093,sekunder_sekunder_deadlift_kaggle58_rep58.mp4,deadlift,sekunder_kaggle,2112,502,23.77,0,0.0,0,64,64,0,56,50
Deadlift_094,sekunder_sekunder_deadlift_kaggle59_rep59.mp4,deadlift,sekunder_kaggle,2112,576,27.27,0,0.0,0,64,64,0,64,64
Deadlift_095,sekunder_sekunder_deadlift_kaggle60_rep60.mp4,deadlift,sekunder_kaggle,2112,454,21.5,0,0.0,0,62,64,0,64,38
Deadlift_096,sekunder_sekunder_deadlift_kaggle61_rep61.mp4,deadlift,sekunder_kaggle,2112,448,21.21,0,0.0,0,64,64,0,64,0
Deadlift_097,sekunder_sekunder_deadlift_kaggle62_rep62.mp4,deadlift,sekunder_kaggle,2112,4,0.19,0,0.0,0,0,0,0,0,0
Deadlift_098,sekunder_sekunder_deadlift_kaggle63_rep63.mp4,deadlift,sekunder_kaggle,2112,0,0.0,0,0.0,0,0,0,0,0,0
Deadlift_099,sekunder_sekunder_deadlift_kaggle64_rep64.mp4,deadlift,sekunder_kaggle,2112,2,0.09,0,0.0,0,0,0,0,0,0
Deadlift_100,sekunder_sekunder_deadlift_kaggle65_rep65.mp4,deadlift,sekunder_kaggle,2112,448,21.21,0,0.0,0,64,64,0,64,0
Deadlift_101,sekunder_sekunder_deadlift_kaggle66_rep66.mp4,deadlift,sekunder_kaggle,2112,0,0.0,0,0.0,0,0,0,0,0,0
Deadlift_102,sekunder_sekunder_deadlift_kaggle67_rep67.mp4,deadlift,sekunder_kaggle,2112,0,0.0,0,0.0,0,0,0,0,0,0
Deadlift_103,sekunder_sekunder_deadlift_kaggle68_rep68.mp4,deadlift,sekunder_kaggle,2112,6,0.28,0,0.0,0,0,0,0,0,3
Deadlift_104,sekunder_sekunder_deadlift_kaggle69_rep69.mp4,deadlift,sekunder_kaggle,2112,0,0.0,0,0.0,0,0,0,0,0,0
Deadlift_105,sekunder_sekunder_deadlift_kaggle70_rep70.mp4,deadlift,sekunder_kaggle,2112,0,0.0,0,0.0,0,0,0,0,0,0
Deadlift_106,sekunder_sekunder_deadlift_kaggle71_rep71.mp4,deadlift,sekunder_kaggle,2112,0,0.0,0,0.0,0,0,0,0,0,0
Deadlift_107,sekunder_sekunder_deadlift_kaggle72_rep72.mp4,deadlift,sekunder_kaggle,2112,0,0.0,0,0.0,0,0,0,0,0,0
Deadlift_108,sekunder_sekunder_deadlift_kaggle73_rep73.mp4,deadlift,sekunder_kaggle,2112,4,0.19,0,0.0,0,0,0,0,0,0
Deadlift_109,sekunder_sekunder_deadlift_kaggle74_rep74.mp4,deadlift,sekunder_kaggle,2112,0,0.0,0,0.0,0,0,0,0,0,0
Deadlift_110,sekunder_sekunder_deadlift_kaggle75_rep75.mp4,deadlift,sekunder_kaggle,2112,0,0.0,0,0.0,0,0,0,0,0,0
Deadlift_112,sekunder_sekunder_deadlift_kaggle77_rep77.mp4,deadlift,sekunder_kaggle,2112,6,0.28,0,0.0,0,0,0,0,0,3
Deadlift_113,sekunder_sekunder_deadlift_kaggle78_rep78.mp4,deadlift,sekunder_kaggle,2112,48,2.27,0,0.0,0,0,0,0,5,20
Deadlift_114,sekunder_sekunder_deadlift_kaggle79_rep79.mp4,deadlift,sekunder_kaggle,2112,496,23.48,0,0.0,0,64,64,0,64,44
Deadlift_115,sekunder_sekunder_deadlift_kaggle80_rep80.mp4,deadlift,sekunder_kaggle,2112,2,0.09,0,0.0,0,0,0,0,0,1
Deadlift_116,sekunder_sekunder_deadlift_kaggle81_rep81.mp4,deadlift,sekunder_kaggle,2112,576,27.27,0,0.0,0,64,64,0,64,64
Deadlift_117,sekunder_sekunder_deadlift_kaggle82_rep82.mp4,deadlift,sekunder_kaggle,2112,353,16.71,0,0.0,0,64,64,0,27,0
Deadlift_118,sekunder_sekunder_deadlift_kaggle83_rep83.mp4,deadlift,sekunder_kaggle,2112,22,1.04,0,0.0,0,4,0,0,0,8
Deadlift_119,sekunder_sekunder_deadlift_kaggle84_rep84.mp4,deadlift,sekunder_kaggle,2112,404,19.13,0,0.0,0,50,31,0,64,52
Deadlift_120,sekunder_sekunder_deadlift_kaggle85_rep85.mp4,deadlift,sekunder_kaggle,2112,93,4.4,0,0.0,0,6,1,0,27,24
Deadlift_121,sekunder_sekunder_deadlift_kaggle86_rep86.mp4,deadlift,sekunder_kaggle,2112,372,17.61,0,0.0,0,64,64,0,36,4
Deadlift_122,sekunder_sekunder_deadlift_kaggle87_rep87.mp4,deadlift,sekunder_kaggle,2112,271,12.83,0,0.0,0,41,48,0,21,7
Deadlift_123,sekunder_sekunder_deadlift_kaggle88_rep88.mp4,deadlift,sekunder_kaggle,2112,260,12.31,0,0.0,0,28,58,0,0,0
Deadlift_124,sekunder_sekunder_deadlift_kaggle89_rep89.mp4,deadlift,sekunder_kaggle,2112,374,17.71,0,0.0,0,64,64,0,46,8
Deadlift_125,sekunder_sekunder_deadlift_kaggle90_rep90.mp4,deadlift,sekunder_kaggle,2112,377,17.85,0,0.0,0,64,64,0,52,5
Deadlift_126,sekunder_sekunder_deadlift_kaggle91_rep91.mp4,deadlift,sekunder_kaggle,2112,268,12.69,0,0.0,0,12,64,0,0,0
Deadlift_127,sekunder_sekunder_deadlift_kaggle92_rep92.mp4,deadlift,sekunder_kaggle,2112,377,17.85,0,0.0,0,64,64,0,20,18
Deadlift_128,sekunder_sekunder_deadlift_kaggle93_rep93.mp4,deadlift,sekunder_kaggle,2112,330,15.62,0,0.0,0,44,43,0,46,30
Deadlift_129,sekunder_sekunder_deadlift_kaggle94_rep94.mp4,deadlift,sekunder_kaggle,2112,0,0.0,0,0.0,0,0,0,0,0,0
Deadlift_130,sekunder_sekunder_deadlift_kaggle95_rep95.mp4,deadlift,sekunder_kaggle,2112,365,17.28,0,0.0,0,49,72,0,0,0
Deadlift_131,sekunder_sekunder_deadlift_kaggle96_rep96.mp4,deadlift,sekunder_kaggle,2112,6,0.28,0,0.0,0,0,0,0,1,2
Deadlift_132,sekunder_sekunder_deadlift_kaggle97_rep97.mp4,deadlift,sekunder_kaggle,2112,48,2.27,0,0.0,0,0,0,0,5,20
Deadlift_133,sekunder_sekunder_deadlift_kaggle98_rep98.mp4,deadlift,sekunder_kaggle,2112,0,0.0,0,0.0,0,0,0,0,0,0
Deadlift_134,sekunder_sekunder_deadlift_kaggle99_rep99.mp4,deadlift,sekunder_kaggle,2112,4,0.19,0,0.0,0,0,0,0,0,0
Squat_001,primer_squat_frontal_subjek01_rep1.mp4,squat,frontal,2112,0,0.0,0,0.0,0,0,0,0,0,0
Squat_002,primer_squat_frontal_subjek01_rep10.mp4,squat,frontal,2112,0,0.0,0,0.0,0,0,0,0,0,0
Squat_003,primer_squat_frontal_subjek01_rep11.mp4,squat,frontal,2112,0,0.0,0,0.0,0,0,0,0,0,0
Squat_004,primer_squat_frontal_subjek01_rep12.mp4,squat,frontal,2112,0,0.0,0,0.0,0,0,0,0,0,0
Squat_005,primer_squat_frontal_subjek01_rep13.mp4,squat,frontal,2112,0,0.0,0,0.0,0,0,0,0,0,0
Squat_006,primer_squat_frontal_subjek01_rep14.mp4,squat,frontal,2112,0,0.0,0,0.0,0,0,0,0,0,0
Squat_007,primer_squat_frontal_subjek01_rep15.mp4,squat,frontal,2112,0,0.0,0,0.0,0,0,0,0,0,0
Squat_008,primer_squat_frontal_subjek01_rep16.mp4,squat,frontal,2112,0,0.0,0,0.0,0,0,0,0,0,0
Squat_009,primer_squat_frontal_subjek01_rep17.mp4,squat,frontal,2112,0,0.0,0,0.0,0,0,0,0,0,0
Squat_010,primer_squat_frontal_subjek01_rep18.mp4,squat,frontal,2112,0,0.0,0,0.0,0,0,0,0,0,0
Squat_011,primer_squat_frontal_subjek01_rep19.mp4,squat,frontal,2112,0,0.0,0,0.0,0,0,0,0,0,0
Squat_012,primer_squat_frontal_subjek01_rep2.mp4,squat,frontal,2112,0,0.0,0,0.0,0,0,0,0,0,0
Squat_013,primer_squat_frontal_subjek01_rep20.mp4,squat,frontal,2112,0,0.0,0,0.0,0,0,0,0,0,0
Squat_014,primer_squat_frontal_subjek01_rep21.mp4,squat,frontal,2112,0,0.0,0,0.0,0,0,0,0,0,0
Squat_015,primer_squat_frontal_subjek01_rep22.mp4,squat,frontal,2112,0,0.0,0,0.0,0,0,0,0,0,0
Squat_016,primer_squat_frontal_subjek01_rep23.mp4,squat,frontal,2112,0,0.0,0,0.0,0,0,0,0,0,0
Squat_017,primer_squat_frontal_subjek01_rep24.mp4,squat,frontal,2112,0,0.0,0,0.0,0,0,0,0,0,0
Squat_018,primer_squat_frontal_subjek01_rep25.mp4,squat,frontal,2112,0,0.0,0,0.0,0,0,0,0,0,0
Squat_019,primer_squat_frontal_subjek01_rep3.mp4,squat,frontal,2112,0,0.0,0,0.0,0,0,0,0,0,0
Squat_020,primer_squat_frontal_subjek01_rep4.mp4,squat,frontal,2112,0,0.0,0,0.0,0,0,0,0,0,0
Squat_021,primer_squat_frontal_subjek01_rep5.mp4,squat,frontal,2112,0,0.0,0,0.0,0,0,0,0,0,0
Squat_022,primer_squat_frontal_subjek01_rep6.mp4,squat,frontal,2112,0,0.0,0,0.0,0,0,0,0,0,0
Squat_023,primer_squat_frontal_subjek01_rep7.mp4,squat,frontal,2112,0,0.0,0,0.0,0,0,0,0,0,0
Squat_024,primer_squat_frontal_subjek01_rep8.mp4,squat,frontal,2112,0,0.0,0,0.0,0,0,0,0,0,0
Squat_025,primer_squat_frontal_subjek01_rep9.mp4,squat,frontal,2112,0,0.0,0,0.0,0,0,0,0,0,0
Squat_026,primer_squat_frontal_subjek03_rep1.mp4,squat,frontal,2112,0,0.0,0,0.0,0,0,0,0,0,0
Squat_027,primer_squat_frontal_subjek03_rep10.mp4,squat,frontal,2112,5,0.24,0,0.0,0,1,1,0,0,0
Squat_028,primer_squat_frontal_subjek03_rep11.mp4,squat,frontal,2112,0,0.0,0,0.0,0,0,0,0,0,0
Squat_029,primer_squat_frontal_subjek03_rep12.mp4,squat,frontal,2112,0,0.0,0,0.0,0,0,0,0,0,0
Squat_030,primer_squat_frontal_subjek03_rep13.mp4,squat,frontal,2112,0,0.0,0,0.0,0,0,0,0,0,0
Squat_031,primer_squat_frontal_subjek03_rep14.mp4,squat,frontal,2112,12,0.57,0,0.0,0,0,3,0,0,0
Squat_032,primer_squat_frontal_subjek03_rep15.mp4,squat,frontal,2112,0,0.0,0,0.0,0,0,0,0,0,0
Squat_033,primer_squat_frontal_subjek03_rep16.mp4,squat,frontal,2112,0,0.0,0,0.0,0,0,0,0,0,0
Squat_034,primer_squat_frontal_subjek03_rep17.mp4,squat,frontal,2112,0,0.0,0,0.0,0,0,0,0,0,0
Squat_035,primer_squat_frontal_subjek03_rep18.mp4,squat,frontal,2112,0,0.0,0,0.0,0,0,0,0,0,0
Squat_036,primer_squat_frontal_subjek03_rep19.mp4,squat,frontal,2112,0,0.0,0,0.0,0,0,0,0,0,0
Squat_037,primer_squat_frontal_subjek03_rep2.mp4,squat,frontal,2112,9,0.43,0,0.0,0,1,2,0,0,0
Squat_038,primer_squat_frontal_subjek03_rep20.mp4,squat,frontal,2112,0,0.0,0,0.0,0,0,0,0,0,0
Squat_039,primer_squat_frontal_subjek03_rep21.mp4,squat,frontal,2112,38,1.8,0,0.0,0,12,8,0,0,0
Squat_040,primer_squat_frontal_subjek03_rep22.mp4,squat,frontal,2112,0,0.0,0,0.0,0,0,0,0,0,0
Squat_041,primer_squat_frontal_subjek03_rep23.mp4,squat,frontal,2112,0,0.0,0,0.0,0,0,0,0,0,0
Squat_042,primer_squat_frontal_subjek03_rep24.mp4,squat,frontal,2112,0,0.0,0,0.0,0,0,0,0,0,0
Squat_043,primer_squat_frontal_subjek03_rep3.mp4,squat,frontal,2112,0,0.0,0,0.0,0,0,0,0,0,0
Squat_044,primer_squat_frontal_subjek03_rep32.mp4,squat,frontal,2112,0,0.0,0,0.0,0,0,0,0,0,0
Squat_045,primer_squat_frontal_subjek03_rep33.mp4,squat,frontal,2112,0,0.0,0,0.0,0,0,0,0,0,0
Squat_046,primer_squat_frontal_subjek03_rep34.mp4,squat,frontal,2112,0,0.0,0,0.0,0,0,0,0,0,0
Squat_047,primer_squat_frontal_subjek03_rep35.mp4,squat,frontal,2112,0,0.0,0,0.0,0,0,0,0,0,0
Squat_048,primer_squat_frontal_subjek03_rep36.mp4,squat,frontal,2112,0,0.0,0,0.0,0,0,0,0,0,0
Squat_049,primer_squat_frontal_subjek03_rep37.mp4,squat,frontal,2112,0,0.0,0,0.0,0,0,0,0,0,0
Squat_050,primer_squat_frontal_subjek03_rep38.mp4,squat,frontal,2112,0,0.0,0,0.0,0,0,0,0,0,0
Squat_051,primer_squat_frontal_subjek03_rep39.mp4,squat,frontal,2112,0,0.0,0,0.0,0,0,0,0,0,0
Squat_052,primer_squat_frontal_subjek03_rep4.mp4,squat,frontal,2112,0,0.0,0,0.0,0,0,0,0,0,0
Squat_053,primer_squat_frontal_subjek03_rep40.mp4,squat,frontal,2112,0,0.0,0,0.0,0,0,0,0,0,0
Squat_054,primer_squat_frontal_subjek03_rep41.mp4,squat,frontal,2112,0,0.0,0,0.0,0,0,0,0,0,0
Squat_055,primer_squat_frontal_subjek03_rep5.mp4,squat,frontal,2112,0,0.0,0,0.0,0,0,0,0,0,0
Squat_056,primer_squat_frontal_subjek03_rep6.mp4,squat,frontal,2112,0,0.0,0,0.0,0,0,0,0,0,0
Squat_057,primer_squat_frontal_subjek03_rep7.mp4,squat,frontal,2112,0,0.0,0,0.0,0,0,0,0,0,0
Squat_058,primer_squat_frontal_subjek03_rep8.mp4,squat,frontal,2112,0,0.0,0,0.0,0,0,0,0,0,0
Squat_059,primer_squat_frontal_subjek03_rep9.mp4,squat,frontal,2112,25,1.18,0,0.0,0,4,7,0,0,0
Squat_060,primer_squat_frontal_subjek04_rep42.mp4,squat,frontal,2112,0,0.0,0,0.0,0,0,0,0,0,0
Squat_061,primer_squat_frontal_subjek04_rep43.mp4,squat,frontal,2112,0,0.0,0,0.0,0,0,0,0,0,0
Squat_062,primer_squat_frontal_subjek04_rep44.mp4,squat,frontal,2112,0,0.0,0,0.0,0,0,0,0,0,0
Squat_063,primer_squat_frontal_subjek04_rep45.mp4,squat,frontal,2112,0,0.0,0,0.0,0,0,0,0,0,0
Squat_064,primer_squat_frontal_subjek04_rep46.mp4,squat,frontal,2112,0,0.0,0,0.0,0,0,0,0,0,0
Squat_065,primer_squat_frontal_subjek04_rep47.mp4,squat,frontal,2112,0,0.0,0,0.0,0,0,0,0,0,0
Squat_066,primer_squat_frontal_subjek04_rep48.mp4,squat,frontal,2112,0,0.0,0,0.0,0,0,0,0,0,0
Squat_068,primer_squat_lateral_subjek03_rep26.mp4,squat,lateral,2112,207,9.8,64,100.0,0,19,7,0,64,64
Squat_069,primer_squat_lateral_subjek03_rep27.mp4,squat,lateral,2112,499,23.63,64,100.0,0,64,64,0,64,34
Squat_070,primer_squat_lateral_subjek03_rep28.mp4,squat,lateral,2112,346,16.38,14,21.88,0,64,67,0,14,1
Squat_071,primer_squat_lateral_subjek03_rep29.mp4,squat,lateral,2112,390,18.47,64,100.0,0,64,64,0,64,1
Squat_072,primer_squat_lateral_subjek03_rep30.mp4,squat,lateral,2112,372,17.61,64,100.0,0,64,53,0,64,21
Squat_073,primer_squat_lateral_subjek03_rep31.mp4,squat,lateral,2112,390,18.47,64,100.0,0,64,64,0,64,6
Squat_074,sekunder_sekunder_squat_kaggle01_rep01.mp4,squat,sekunder_kaggle,2112,335,15.86,55,85.94,0,0,0,0,7,108
Squat_075,sekunder_sekunder_squat_kaggle02_rep02.mp4,squat,sekunder_kaggle,2112,0,0.0,0,0.0,0,0,0,0,0,0
Squat_076,sekunder_sekunder_squat_kaggle03_rep03.mp4,squat,sekunder_kaggle,2112,38,1.8,0,0.0,0,0,4,0,0,0
Squat_077,sekunder_sekunder_squat_kaggle04_rep04.mp4,squat,sekunder_kaggle,2112,437,20.69,56,87.5,0,0,0,0,100,111
Squat_078,sekunder_sekunder_squat_kaggle05_rep05.mp4,squat,sekunder_kaggle,2112,0,0.0,0,0.0,0,0,0,0,0,0
Squat_079,sekunder_sekunder_squat_kaggle06_rep06.mp4,squat,sekunder_kaggle,2112,0,0.0,0,0.0,0,0,0,0,0,0
Squat_080,sekunder_sekunder_squat_kaggle07_rep07.mp4,squat,sekunder_kaggle,2112,0,0.0,0,0.0,0,0,0,0,0,0
Squat_081,sekunder_sekunder_squat_kaggle08_rep08.mp4,squat,sekunder_kaggle,2112,0,0.0,0,0.0,0,0,0,0,0,0
Squat_082,sekunder_sekunder_squat_kaggle09_rep09.mp4,squat,sekunder_kaggle,2112,0,0.0,0,0.0,0,0,0,0,0,0
Squat_083,sekunder_sekunder_squat_kaggle100_rep100.mp4,squat,sekunder_kaggle,2112,435,20.6,64,100.0,0,64,64,0,64,64
Squat_084,sekunder_sekunder_squat_kaggle10_rep10.mp4,squat,sekunder_kaggle,2112,0,0.0,0,0.0,0,0,0,0,0,0
Squat_085,sekunder_sekunder_squat_kaggle11_rep11.mp4,squat,sekunder_kaggle,2112,0,0.0,0,0.0,0,0,0,0,0,0
Squat_086,sekunder_sekunder_squat_kaggle12_rep12.mp4,squat,sekunder_kaggle,2112,0,0.0,0,0.0,0,0,0,0,0,0
Squat_087,sekunder_sekunder_squat_kaggle13_rep13.mp4,squat,sekunder_kaggle,2112,0,0.0,0,0.0,0,0,0,0,0,0
Squat_088,sekunder_sekunder_squat_kaggle14_rep14.mp4,squat,sekunder_kaggle,2112,0,0.0,0,0.0,0,0,0,0,0,0
Squat_089,sekunder_sekunder_squat_kaggle15_rep15.mp4,squat,sekunder_kaggle,2112,0,0.0,0,0.0,0,0,0,0,0,0
Squat_090,sekunder_sekunder_squat_kaggle16_rep16.mp4,squat,sekunder_kaggle,2112,243,11.51,37,57.81,0,0,0,0,2,74
Squat_091,sekunder_sekunder_squat_kaggle17_rep17.mp4,squat,sekunder_kaggle,2112,0,0.0,0,0.0,0,0,0,0,0,0
Squat_092,sekunder_sekunder_squat_kaggle18_rep18.mp4,squat,sekunder_kaggle,2112,0,0.0,0,0.0,0,0,0,0,0,0
Squat_093,sekunder_sekunder_squat_kaggle19_rep19.mp4,squat,sekunder_kaggle,2112,0,0.0,0,0.0,0,0,0,0,0,0
Squat_094,sekunder_sekunder_squat_kaggle20_rep20.mp4,squat,sekunder_kaggle,2112,0,0.0,0,0.0,0,0,0,0,0,0
Squat_095,sekunder_sekunder_squat_kaggle21_rep21.mp4,squat,sekunder_kaggle,2112,0,0.0,0,0.0,0,0,0,0,0,0
Squat_096,sekunder_sekunder_squat_kaggle22_rep22.mp4,squat,sekunder_kaggle,2112,576,27.27,64,100.0,0,64,64,0,64,64
Squat_097,sekunder_sekunder_squat_kaggle23_rep23.mp4,squat,sekunder_kaggle,2112,0,0.0,0,0.0,0,0,0,0,0,0
Squat_098,sekunder_sekunder_squat_kaggle24_rep24.mp4,squat,sekunder_kaggle,2112,0,0.0,0,0.0,0,0,0,0,0,0
Squat_099,sekunder_sekunder_squat_kaggle25_rep25.mp4,squat,sekunder_kaggle,2112,0,0.0,0,0.0,0,0,0,0,0,0
Squat_100,sekunder_sekunder_squat_kaggle26_rep26.mp4,squat,sekunder_kaggle,2112,0,0.0,0,0.0,0,0,0,0,0,0
Squat_101,sekunder_sekunder_squat_kaggle27_rep27.mp4,squat,sekunder_kaggle,2112,0,0.0,0,0.0,0,0,0,0,0,0
Squat_102,sekunder_sekunder_squat_kaggle28_rep28.mp4,squat,sekunder_kaggle,2112,576,27.27,64,100.0,0,64,64,0,64,64
Squat_103,sekunder_sekunder_squat_kaggle29_rep29.mp4,squat,sekunder_kaggle,2112,207,9.8,24,37.5,0,3,5,0,5,38
Squat_104,sekunder_sekunder_squat_kaggle30_rep30.mp4,squat,sekunder_kaggle,2112,52,2.46,0,0.0,0,0,13,0,0,0
Squat_105,sekunder_sekunder_squat_kaggle31_rep31.mp4,squat,sekunder_kaggle,2112,42,1.99,0,0.0,0,0,9,0,0,0
Squat_106,sekunder_sekunder_squat_kaggle32_rep32.mp4,squat,sekunder_kaggle,2112,155,7.34,0,0.0,0,31,31,0,0,0
Squat_107,sekunder_sekunder_squat_kaggle33_rep33.mp4,squat,sekunder_kaggle,2112,263,12.45,25,39.06,0,0,0,0,0,49
Squat_108,sekunder_sekunder_squat_kaggle34_rep34.mp4,squat,sekunder_kaggle,2112,301,14.25,52,81.25,0,0,0,0,0,91
Squat_109,sekunder_sekunder_squat_kaggle35_rep35.mp4,squat,sekunder_kaggle,2112,286,13.54,44,68.75,0,0,0,0,0,77
Squat_110,sekunder_sekunder_squat_kaggle36_rep36.mp4,squat,sekunder_kaggle,2112,220,10.42,30,46.88,0,0,0,0,0,60
Squat_111,sekunder_sekunder_squat_kaggle37_rep37.mp4,squat,sekunder_kaggle,2112,576,27.27,64,100.0,0,64,64,0,64,64
Squat_112,sekunder_sekunder_squat_kaggle38_rep38.mp4,squat,sekunder_kaggle,2112,0,0.0,0,0.0,0,0,0,0,0,0
Squat_113,sekunder_sekunder_squat_kaggle39_rep39.mp4,squat,sekunder_kaggle,2112,51,2.41,0,0.0,0,0,9,0,0,0
Squat_114,sekunder_sekunder_squat_kaggle40_rep40.mp4,squat,sekunder_kaggle,2112,45,2.13,0,0.0,0,13,13,0,0,0
Squat_115,sekunder_sekunder_squat_kaggle41_rep41.mp4,squat,sekunder_kaggle,2112,397,18.8,46,71.88,0,51,36,0,16,46
Squat_116,sekunder_sekunder_squat_kaggle42_rep42.mp4,squat,sekunder_kaggle,2112,477,22.59,64,100.0,0,0,0,0,105,122
Squat_117,sekunder_sekunder_squat_kaggle43_rep43.mp4,squat,sekunder_kaggle,2112,34,1.61,0,0.0,0,0,1,0,0,0
Squat_118,sekunder_sekunder_squat_kaggle44_rep44.mp4,squat,sekunder_kaggle,2112,343,16.24,34,53.12,0,64,43,0,2,38
Squat_119,sekunder_sekunder_squat_kaggle45_rep45.mp4,squat,sekunder_kaggle,2112,0,0.0,0,0.0,0,0,0,0,0,0
Squat_120,sekunder_sekunder_squat_kaggle46_rep46.mp4,squat,sekunder_kaggle,2112,95,4.5,10,15.62,0,21,16,0,9,2
Squat_121,sekunder_sekunder_squat_kaggle47_rep47.mp4,squat,sekunder_kaggle,2112,41,1.94,0,0.0,0,0,6,0,0,0
Squat_122,sekunder_sekunder_squat_kaggle48_rep48.mp4,squat,sekunder_kaggle,2112,324,15.34,30,46.88,0,64,64,0,30,3
Squat_123,sekunder_sekunder_squat_kaggle49_rep49.mp4,squat,sekunder_kaggle,2112,0,0.0,0,0.0,0,0,0,0,0,0
Squat_124,sekunder_sekunder_squat_kaggle50_rep50.mp4,squat,sekunder_kaggle,2112,225,10.65,37,57.81,0,0,0,0,3,56
Squat_125,sekunder_sekunder_squat_kaggle51_rep51.mp4,squat,sekunder_kaggle,2112,13,0.62,4,6.25,0,4,2,0,4,0
Squat_126,sekunder_sekunder_squat_kaggle52_rep52.mp4,squat,sekunder_kaggle,2112,334,15.81,30,46.88,0,64,61,0,30,0
Squat_127,sekunder_sekunder_squat_kaggle53_rep53.mp4,squat,sekunder_kaggle,2112,56,2.65,2,3.12,0,11,11,0,2,0
Squat_128,sekunder_sekunder_squat_kaggle54_rep54.mp4,squat,sekunder_kaggle,2112,23,1.09,0,0.0,0,0,0,0,0,0
Squat_129,sekunder_sekunder_squat_kaggle55_rep55.mp4,squat,sekunder_kaggle,2112,32,1.52,0,0.0,0,0,6,0,0,0
Squat_130,sekunder_sekunder_squat_kaggle56_rep56.mp4,squat,sekunder_kaggle,2112,16,0.76,0,0.0,0,4,3,0,0,0
Squat_131,sekunder_sekunder_squat_kaggle57_rep57.mp4,squat,sekunder_kaggle,2112,311,14.73,28,43.75,0,61,61,0,28,0
Squat_132,sekunder_sekunder_squat_kaggle58_rep58.mp4,squat,sekunder_kaggle,2112,422,19.98,64,100.0,0,64,64,0,64,23
Squat_133,sekunder_sekunder_squat_kaggle59_rep59.mp4,squat,sekunder_kaggle,2112,20,0.95,1,1.56,0,3,7,0,1,0
Squat_134,sekunder_sekunder_squat_kaggle60_rep60.mp4,squat,sekunder_kaggle,2112,0,0.0,0,0.0,0,0,0,0,0,0
Squat_135,sekunder_sekunder_squat_kaggle61_rep61.mp4,squat,sekunder_kaggle,2112,131,6.2,1,1.56,0,30,30,0,0,1
Squat_136,sekunder_sekunder_squat_kaggle62_rep62.mp4,squat,sekunder_kaggle,2112,57,2.7,1,1.56,0,0,11,0,1,1
Squat_137,sekunder_sekunder_squat_kaggle63_rep63.mp4,squat,sekunder_kaggle,2112,442,20.93,57,89.06,0,0,0,0,85,111
Squat_138,sekunder_sekunder_squat_kaggle64_rep64.mp4,squat,sekunder_kaggle,2112,0,0.0,0,0.0,0,0,0,0,0,0
Squat_139,sekunder_sekunder_squat_kaggle65_rep65.mp4,squat,sekunder_kaggle,2112,0,0.0,0,0.0,0,0,0,0,0,0
Squat_140,sekunder_sekunder_squat_kaggle66_rep66.mp4,squat,sekunder_kaggle,2112,41,1.94,0,0.0,0,0,6,0,0,0
Squat_141,sekunder_sekunder_squat_kaggle67_rep67.mp4,squat,sekunder_kaggle,2112,0,0.0,0,0.0,0,0,0,0,0,0
Squat_142,sekunder_sekunder_squat_kaggle68_rep68.mp4,squat,sekunder_kaggle,2112,6,0.28,0,0.0,0,0,0,0,0,0
Squat_143,sekunder_sekunder_squat_kaggle69_rep69.mp4,squat,sekunder_kaggle,2112,237,11.22,36,56.25,0,0,0,0,22,67
Squat_144,sekunder_sekunder_squat_kaggle70_rep70.mp4,squat,sekunder_kaggle,2112,280,13.26,23,35.94,0,45,48,0,23,0
Squat_145,sekunder_sekunder_squat_kaggle71_rep71.mp4,squat,sekunder_kaggle,2112,0,0.0,0,0.0,0,0,0,0,0,0
Squat_146,sekunder_sekunder_squat_kaggle72_rep72.mp4,squat,sekunder_kaggle,2112,6,0.28,0,0.0,0,0,0,0,0,0
Squat_147,sekunder_sekunder_squat_kaggle73_rep73.mp4,squat,sekunder_kaggle,2112,0,0.0,0,0.0,0,0,0,0,0,0
Squat_148,sekunder_sekunder_squat_kaggle74_rep74.mp4,squat,sekunder_kaggle,2112,15,0.71,0,0.0,0,0,1,0,0,0
Squat_149,sekunder_sekunder_squat_kaggle75_rep75.mp4,squat,sekunder_kaggle,2112,291,13.78,4,6.25,0,61,61,0,4,0
Squat_151,sekunder_sekunder_squat_kaggle77_rep77.mp4,squat,sekunder_kaggle,2112,376,17.8,56,87.5,0,64,64,0,56,0
Squat_152,sekunder_sekunder_squat_kaggle78_rep78.mp4,squat,sekunder_kaggle,2112,28,1.33,0,0.0,0,0,4,0,0,0
Squat_153,sekunder_sekunder_squat_kaggle79_rep79.mp4,squat,sekunder_kaggle,2112,5,0.24,0,0.0,0,0,0,0,0,0
Squat_154,sekunder_sekunder_squat_kaggle80_rep80.mp4,squat,sekunder_kaggle,2112,384,18.18,64,100.0,0,64,64,0,64,0
Squat_155,sekunder_sekunder_squat_kaggle81_rep81.mp4,squat,sekunder_kaggle,2112,576,27.27,64,100.0,0,64,64,0,64,64
Squat_156,sekunder_sekunder_squat_kaggle82_rep82.mp4,squat,sekunder_kaggle,2112,343,16.24,2,3.12,0,64,69,0,2,0
Squat_157,sekunder_sekunder_squat_kaggle83_rep83.mp4,squat,sekunder_kaggle,2112,280,13.26,23,35.94,0,45,48,0,23,0
Squat_158,sekunder_sekunder_squat_kaggle84_rep84.mp4,squat,sekunder_kaggle,2112,398,18.84,15,23.44,0,78,64,0,15,0
Squat_159,sekunder_sekunder_squat_kaggle85_rep85.mp4,squat,sekunder_kaggle,2112,576,27.27,64,100.0,0,64,64,0,64,64
Squat_160,sekunder_sekunder_squat_kaggle86_rep86.mp4,squat,sekunder_kaggle,2112,576,27.27,64,100.0,0,64,64,0,64,64
Squat_161,sekunder_sekunder_squat_kaggle87_rep87.mp4,squat,sekunder_kaggle,2112,0,0.0,0,0.0,0,0,0,0,0,0
Squat_162,sekunder_sekunder_squat_kaggle88_rep88.mp4,squat,sekunder_kaggle,2112,0,0.0,0,0.0,0,0,0,0,0,0
Squat_163,sekunder_sekunder_squat_kaggle89_rep89.mp4,squat,sekunder_kaggle,2112,237,11.22,36,56.25,0,0,0,0,22,67
Squat_164,sekunder_sekunder_squat_kaggle90_rep90.mp4,squat,sekunder_kaggle,2112,143,6.77,8,12.5,0,10,18,0,16,16
Squat_165,sekunder_sekunder_squat_kaggle91_rep91.mp4,squat,sekunder_kaggle,2112,436,20.64,56,87.5,0,64,57,0,56,53
Squat_166,sekunder_sekunder_squat_kaggle92_rep92.mp4,squat,sekunder_kaggle,2112,193,9.14,10,15.62,0,2,29,0,19,20
Squat_167,sekunder_sekunder_squat_kaggle93_rep93.mp4,squat,sekunder_kaggle,2112,65,3.08,7,10.94,0,7,0,0,14,14
Squat_168,sekunder_sekunder_squat_kaggle94_rep94.mp4,squat,sekunder_kaggle,2112,409,19.37,64,100.0,0,64,64,0,64,22
Squat_169,sekunder_sekunder_squat_kaggle95_rep95.mp4,squat,sekunder_kaggle,2112,424,20.08,64,100.0,0,64,64,0,64,33
Squat_170,sekunder_sekunder_squat_kaggle96_rep96.mp4,squat,sekunder_kaggle,2112,445,21.07,58,90.62,0,0,0,0,94,113
Squat_171,sekunder_sekunder_squat_kaggle97_rep97.mp4,squat,sekunder_kaggle,2112,45,2.13,0,0.0,0,18,18,0,0,0
Squat_172,sekunder_sekunder_squat_kaggle98_rep98.mp4,squat,sekunder_kaggle,2112,0,0.0,0,0.0,0,0,0,0,0,0
Squat_173,sekunder_sekunder_squat_kaggle99_rep99.mp4,squat,sekunder_kaggle,2112,0,0.0,0,0.0,0,0,0,0,0,0
