Frame_Ke,Label_Biner,Status,Lutut_Kanan_X (idx26),Lutut_Kanan_Y (idx26),Lutut_Kanan_Z (idx26),Nose_X (idx0),Nose_Y (idx0),Nose_Z (idx0),Left_Eye_Inner_X (idx1),Left_Eye_Inner_Y (idx1),Left_Eye_Inner_Z (idx1),Left_Eye_X (idx2),Left_Eye_Y (idx2),Left_Eye_Z (idx2),Left_Eye_Outer_X (idx3),Left_Eye_Outer_Y (idx3),Left_Eye_Outer_Z (idx3),Right_Eye_Inner_X (idx4),Right_Eye_Inner_Y (idx4),Right_Eye_Inner_Z (idx4),Right_Eye_X (idx5),Right_Eye_Y (idx5),Right_Eye_Z (idx5),Right_Eye_Outer_X (idx6),Right_Eye_Outer_Y (idx6),Right_Eye_Outer_Z (idx6),Left_Ear_X (idx7),Left_Ear_Y (idx7),Left_Ear_Z (idx7),Right_Ear_X (idx8),Right_Ear_Y (idx8),Right_Ear_Z (idx8),Mouth_Left_X (idx9),Mouth_Left_Y (idx9),Mouth_Left_Z (idx9),Mouth_Right_X (idx10),Mouth_Right_Y (idx10),Mouth_Right_Z (idx10),Left_Shoulder_X (idx11),Left_Shoulder_Y (idx11),Left_Shoulder_Z (idx11),Right_Shoulder_X (idx12),Right_Shoulder_Y (idx12),Right_Shoulder_Z (idx12),Left_Elbow_X (idx13),Left_Elbow_Y (idx13),Left_Elbow_Z (idx13),Right_Elbow_X (idx14),Right_Elbow_Y (idx14),Right_Elbow_Z (idx14),Left_Wrist_X (idx15),Left_Wrist_Y (idx15),Left_Wrist_Z (idx15),Right_Wrist_X (idx16),Right_Wrist_Y (idx16),Right_Wrist_Z (idx16),Left_Pinky_X (idx17),Left_Pinky_Y (idx17),Left_Pinky_Z (idx17),Right_Pinky_X (idx18),Right_Pinky_Y (idx18),Right_Pinky_Z (idx18),Left_Index_X (idx19),Left_Index_Y (idx19),Left_Index_Z (idx19),Right_Index_X (idx20),Right_Index_Y (idx20),Right_Index_Z (idx20),Left_Thumb_X (idx21),Left_Thumb_Y (idx21),Left_Thumb_Z (idx21),Right_Thumb_X (idx22),Right_Thumb_Y (idx22),Right_Thumb_Z (idx22),Left_Hip_X (idx23),Left_Hip_Y (idx23),Left_Hip_Z (idx23),Right_Hip_X (idx24),Right_Hip_Y (idx24),Right_Hip_Z (idx24),Left_Knee_X (idx25),Left_Knee_Y (idx25),Left_Knee_Z (idx25),Right_Knee_X (idx26),Right_Knee_Y (idx26),Right_Knee_Z (idx26),Left_Ankle_X (idx27),Left_Ankle_Y (idx27),Left_Ankle_Z (idx27),Right_Ankle_X (idx28),Right_Ankle_Y (idx28),Right_Ankle_Z (idx28),Left_Heel_X (idx29),Left_Heel_Y (idx29),Left_Heel_Z (idx29),Right_Heel_X (idx30),Right_Heel_Y (idx30),Right_Heel_Z (idx30),Left_Foot_Index_X (idx31),Left_Foot_Index_Y (idx31),Left_Foot_Index_Z (idx31),Right_Foot_Index_X (idx32),Right_Foot_Index_Y (idx32),Right_Foot_Index_Z (idx32)
1,1,SALAH,-0.5349,0.66034,-0.14877,0.07577,-1.27607,-0.92966,0.16003,-1.3515,-0.78872,0.20895,-1.34737,-0.79107,0.24879,-1.34207,-0.79132,-0.0015,-1.35502,-0.8156,-0.05833,-1.35306,-0.81881,-0.10398,-1.34803,-0.82011,0.31084,-1.30824,0.04625,-0.17542,-1.30479,-0.06452,0.16615,-1.19447,-0.59354,-0.01954,-1.19365,-0.64475,0.60509,-0.89897,0.43495,-0.50796,-0.90579,0.42143,0.88839,-0.46251,0.04345,-0.80652,-0.50293,-0.26892,1.32248,-0.77799,-1.1306,-1.24031,-0.78399,-1.59783,1.36044,-0.86777,-1.30016,-1.34199,-0.85576,-1.82293,1.3162,-0.90074,-1.42856,-1.29734,-0.89634,-1.94747,1.27341,-0.8686,-1.20815,-1.23724,-0.87444,-1.70288,0.3224,0.00428,-0.03599,-0.3224,-0.00428,0.03599,0.5725,0.66706,-0.14684,-0.5349,0.66034,-0.14877,0.73914,1.30059,0.74502,-0.71016,1.28124,0.59095,0.65664,1.38922,0.78225,-0.63517,1.37258,0.63796,1.05461,1.61937,0.18743,-1.05107,1.59138,0.09602
2,1,SALAH,-0.58419,0.72241,-0.16921,0.08128,-1.38643,-2.85614,0.17281,-1.46478,-2.60484,0.22582,-1.46229,-2.60796,0.27461,-1.45868,-2.60752,-0.00232,-1.47018,-2.61885,-0.06147,-1.46992,-2.62245,-0.1095,-1.46678,-2.62447,0.33646,-1.42398,-1.0937,-0.19196,-1.42322,-1.1528,0.17927,-1.29993,-2.26213,-0.02027,-1.30095,-2.30232,0.65974,-0.97497,-0.15072,-0.54959,-0.98624,-0.18135,0.96718,-0.5014,-1.1571,-0.87391,-0.53977,-1.46788,1.42526,-0.84665,-3.75381,-1.3359,-0.85291,-4.22111,1.46965,-0.93043,-4.24602,-1.4251,-0.93212,-4.80235,1.43026,-0.97398,-4.43851,-1.38786,-0.97572,-4.91882,1.38837,-0.94429,-3.89325,-1.33489,-0.95194,-4.36491,0.35312,0.00531,-0.01084,-0.35312,-0.00531,0.01084,0.62103,0.72791,-0.00266,-0.58419,0.72241,-0.16921,0.80221,1.41451,1.7827,-0.77375,1.39271,1.56548,0.71462,1.51631,1.86581,-0.68808,1.49261,1.67649,1.12574,1.75258,0.44303,-1.14726,1.72773,0.29491
3,1,SALAH,-0.5482,0.6694,-0.18026,0.07858,-1.29404,-2.99152,0.16363,-1.36591,-2.75268,0.21302,-1.36457,-2.75568,0.26324,-1.36229,-2.75523,0.00032,-1.3719,-2.76479,-0.05306,-1.37252,-2.76811,-0.09673,-1.37092,-2.77,0.31595,-1.33252,-1.30237,-0.17641,-1.33244,-1.3549,0.16998,-1.21584,-2.42169,-0.01375,-1.21777,-2.45823,0.62039,-0.9105,-0.38214,-0.51071,-0.92455,-0.40562,0.90459,-0.46438,-1.3729,-0.81343,-0.4918,-1.66859,1.32882,-0.79378,-3.88855,-1.23788,-0.79373,-4.29777,1.36874,-0.86626,-4.37076,-1.31823,-0.8708,-4.85821,1.33669,-0.90934,-4.54758,-1.28531,-0.91093,-4.9566,1.30504,-0.8841,-4.01926,-1.23855,-0.88781,-4.42931,0.33168,0.00534,0.0069,-0.33168,-0.00534,-0.0069,0.58117,0.67454,0.01338,-0.5482,0.6694,-0.18026,0.74944,1.31426,1.68853,-0.71873,1.29364,1.5127,0.66814,1.41175,1.77041,-0.63229,1.38713,1.62156,1.03893,1.62784,0.42144,-1.07226,1.60565,0.2927
4,1,SALAH,-0.5578,0.6613,-0.224,0.08104,-1.2926,-2.97737,0.16636,-1.36392,-2.73966,0.21529,-1.36199,-2.74264,0.26683,-1.35916,-2.7422,0.00387,-1.36951,-2.75171,-0.04852,-1.37021,-2.75501,-0.09191,-1.3682,-2.75689,0.31768,-1.32925,-1.29621,-0.17186,-1.33226,-1.34849,0.17254,-1.21283,-2.41024,-0.01006,-1.21952,-2.4466,0.62101,-0.90771,-0.38033,-0.50544,-0.92857,-0.40369,0.90376,-0.46233,-1.36641,-0.80945,-0.48907,-1.66069,1.32561,-0.79887,-3.83759,-1.22726,-0.79994,-4.27744,1.36504,-0.8629,-4.30555,-1.30945,-0.87572,-4.83523,1.33346,-0.9094,-4.48544,-1.27902,-0.913,-4.93316,1.30584,-0.88651,-3.96772,-1.23254,-0.88987,-4.40836,0.33259,0.00471,0.00882,-0.33259,-0.00471,-0.00882,0.5979,0.65949,-0.04327,-0.5578,0.6613,-0.224,0.74871,1.29524,1.61182,-0.71154,1.27414,1.47016,0.66745,1.39426,1.69073,-0.62309,1.36768,1.58274,1.0345,1.60638,0.33101,-1.06562,1.58319,0.29865
5,1,SALAH,-0.54547,0.61128,-0.31736,0.07531,-1.19956,-2.97969,0.15442,-1.26497,-2.76194,0.19863,-1.26343,-2.76481,0.24916,-1.26052,-2.7644,0.00387,-1.2692,-2.77642,-0.04395,-1.2698,-2.77958,-0.0842,-1.27088,-2.78144,0.29648,-1.23413,-1.39472,-0.15709,-1.23969,-1.45671,0.16083,-1.12708,-2.43998,-0.0093,-1.13533,-2.47776,0.57908,-0.84678,-0.47476,-0.47108,-0.86877,-0.54091,0.84575,-0.44066,-1.34113,-0.76934,-0.4589,-1.72648,1.23828,-0.75833,-3.63419,-1.14423,-0.75837,-4.15496,1.27486,-0.81165,-4.07071,-1.22164,-0.82751,-4.67218,1.24578,-0.85741,-4.24008,-1.19343,-0.85834,-4.76558,1.22287,-0.83778,-3.75617,-1.15081,-0.8367,-4.27656,0.31141,0.00357,0.01143,-0.31141,-0.00357,-0.01143,0.60012,0.60647,-0.08275,-0.54547,0.61128,-0.31736,0.69803,1.19201,1.4763,-0.66251,1.17056,1.35698,0.62202,1.28393,1.55366,-0.5774,1.25798,1.46727,0.96529,1.48002,0.28589,-0.99522,1.45842,0.28881
6,0,BENAR,-0.54678,0.5615,-0.41089,0.06444,-1.10704,-2.95559,0.13719,-1.16558,-2.74735,0.17889,-1.16388,-2.75011,0.22632,-1.16019,-2.74967,-0.0021,-1.17097,-2.7632,-0.04663,-1.17154,-2.76609,-0.08286,-1.17256,-2.76774,0.27057,-1.13643,-1.44171,-0.1489,-1.14389,-1.51292,0.14418,-1.03984,-2.44031,-0.01214,-1.0484,-2.47915,0.53205,-0.78549,-0.58568,-0.44441,-0.79866,-0.63195,0.78205,-0.41887,-1.42093,-0.73093,-0.4291,-1.72938,1.14537,-0.70908,-3.6313,-1.07337,-0.7072,-4.00538,1.18076,-0.75709,-4.05765,-1.14143,-0.76925,-4.50777,1.15125,-0.8,-4.21444,-1.11464,-0.79715,-4.6141,1.12991,-0.78173,-3.74691,-1.07741,-0.77599,-4.1284,0.2956,0.00276,0.01134,-0.2956,-0.00276,-0.01134,0.59143,0.55999,-0.11963,-0.54678,0.5615,-0.41089,0.64154,1.09322,1.39985,-0.62092,1.07391,1.21619,0.5702,1.17737,1.4757,-0.5385,1.15429,1.33379,0.89057,1.35861,0.31528,-0.93192,1.3417,0.25598
7,0,BENAR,-0.60676,0.5683,-0.53192,0.06129,-1.11727,-2.98622,0.13188,-1.17657,-2.77325,0.17528,-1.17366,-2.77607,0.22324,-1.16982,-2.77562,-0.00573,-1.18331,-2.79076,-0.05223,-1.18389,-2.79369,-0.0874,-1.18378,-2.79535,0.26894,-1.14369,-1.44621,-0.15711,-1.15325,-1.52496,0.14211,-1.04913,-2.46288,-0.01451,-1.0568,-2.50431,0.53472,-0.79269,-0.58707,-0.46179,-0.80468,-0.61389,0.78886,-0.43101,-1.42626,-0.75363,-0.44409,-1.70757,1.15724,-0.72213,-3.68106,-1.10534,-0.71523,-4.06661,1.1973,-0.76854,-4.12235,-1.17019,-0.77704,-4.56919,1.1636,-0.81184,-4.28727,-1.1443,-0.80548,-4.67288,1.14027,-0.79267,-3.80108,-1.10812,-0.78407,-4.18884,0.30741,0.00195,0.01091,-0.30741,-0.00195,-0.01091,0.62567,0.56667,-0.15646,-0.60676,0.5683,-0.53192,0.6444,1.10175,1.50125,-0.64032,1.08304,1.21775,0.56899,1.1804,1.59508,-0.55086,1.16433,1.32927,0.90044,1.37058,0.42753,-0.95871,1.3557,0.25396
8,0,BENAR,-0.67079,0.588,-0.5981,0.06035,-1.14675,-2.94277,0.13318,-1.2094,-2.7184,0.17833,-1.20636,-2.72126,0.22821,-1.2025,-2.7208,-0.00703,-1.21652,-2.73319,-0.05579,-1.21726,-2.73615,-0.09153,-1.21682,-2.73778,0.27738,-1.17573,-1.36502,-0.16467,-1.18712,-1.44026,0.14513,-1.07767,-2.40765,-0.01722,-1.08081,-2.44592,0.55466,-0.8122,-0.55299,-0.48212,-0.82337,-0.59572,0.81553,-0.44884,-1.44793,-0.78733,-0.45476,-1.6835,1.19756,-0.7429,-3.86641,-1.15324,-0.73708,-4.18108,1.2398,-0.79268,-4.34461,-1.2171,-0.80208,-4.72027,1.20425,-0.83511,-4.50087,-1.19105,-0.83302,-4.8312,1.17502,-0.81379,-3.98675,-1.15608,-0.81063,-4.31326,0.32021,0.00222,-0.0062,-0.32021,-0.00222,0.0062,0.67465,0.59009,-0.34695,-0.67079,0.588,-0.5981,0.66484,1.13313,1.52212,-0.66773,1.11417,1.36215,0.58255,1.20864,1.61732,-0.57173,1.19641,1.51018,0.93686,1.4102,0.48229,-1.00556,1.38316,0.43897
9,0,BENAR,-0.73982,0.597,-0.69723,0.06656,-1.16588,-2.98339,0.1376,-1.2281,-2.75771,0.18601,-1.22452,-2.76071,0.23492,-1.2211,-2.76031,-0.00163,-1.23927,-2.77007,-0.05326,-1.24139,-2.77307,-0.09003,-1.24168,-2.77466,0.28559,-1.19734,-1.38204,-0.16731,-1.21255,-1.43991,0.15049,-1.09529,-2.443,-0.01584,-1.09978,-2.47847,0.56882,-0.83252,-0.56452,-0.49179,-0.83545,-0.53633,0.82644,-0.46352,-1.55242,-0.80465,-0.46179,-1.68798,1.22089,-0.75267,-3.96196,-1.17567,-0.75029,-4.16512,1.27748,-0.80818,-4.44436,-1.24435,-0.82095,-4.70183,1.23491,-0.85151,-4.60412,-1.21673,-0.85355,-4.80928,1.19905,-0.82908,-4.08504,-1.18045,-0.82976,-4.29563,0.32775,0.00276,-0.0243,-0.32775,-0.00276,0.0243,0.719,0.59634,-0.4506,-0.73982,0.597,-0.69723,0.68054,1.13732,1.48543,-0.68399,1.1203,1.4065,0.59219,1.21333,1.60173,-0.5859,1.20513,1.54658,0.986,1.40353,0.4932,-1.06791,1.36747,0.50502
10,0,BENAR,-0.83594,0.61004,-0.99172,0.07504,-1.18578,-3.0321,0.14466,-1.24942,-2.80958,0.19858,-1.24603,-2.81269,0.24553,-1.24308,-2.8123,0.00326,-1.2612,-2.8227,-0.05087,-1.26417,-2.82592,-0.0891,-1.26517,-2.82776,0.29745,-1.21895,-1.39868,-0.17137,-1.23554,-1.46615,0.15869,-1.11363,-2.49024,-0.01364,-1.11676,-2.52641,0.58852,-0.84682,-0.5672,-0.50621,-0.8517,-0.48554,0.83845,-0.46845,-1.55677,-0.83014,-0.46549,-1.58331,1.24124,-0.7646,-3.96806,-1.20912,-0.77036,-3.97765,1.32296,-0.82952,-4.43665,-1.27887,-0.84487,-4.4803,1.27391,-0.87766,-4.608,-1.25572,-0.8721,-4.60802,1.22406,-0.85275,-4.09534,-1.2172,-0.84902,-4.11269,0.33877,0.0025,-0.02878,-0.33877,-0.0025,0.02878,0.77994,0.61085,-0.74984,-0.83594,0.61004,-0.99172,0.70363,1.15446,1.31028,-0.70586,1.1378,1.32595,0.6093,1.2301,1.45134,-0.60068,1.22216,1.51672,1.05011,1.42919,0.39631,-1.13599,1.38672,0.51279
11,0,BENAR,-1.01648,0.69208,-1.21717,0.0968,-1.33525,-3.01713,0.17088,-1.40895,-2.74987,0.23643,-1.40639,-2.75308,0.28622,-1.40481,-2.75263,0.0095,-1.41705,-2.77655,-0.05372,-1.41934,-2.78013,-0.09788,-1.42027,-2.7818,0.34406,-1.3805,-1.19131,-0.19403,-1.39116,-1.30487,0.1917,-1.25677,-2.40489,-0.00882,-1.25187,-2.46149,0.67399,-0.95489,-0.30219,-0.5783,-0.96358,-0.24686,0.95971,-0.5209,-1.08865,-0.95337,-0.52552,-1.11885,1.40772,-0.86645,-3.50145,-1.38694,-0.86603,-3.28859,1.52223,-0.94244,-3.94634,-1.46764,-0.95671,-3.73102,1.46373,-0.9934,-4.11522,-1.44155,-0.98859,-3.88763,1.3954,-0.96511,-3.62722,-1.39656,-0.96139,-3.4301,0.39083,0.00192,-0.03504,-0.39083,-0.00192,0.03504,0.95933,0.69729,-1.06373,-1.01648,0.69208,-1.21717,0.81057,1.30033,1.27109,-0.80907,1.27448,1.35833,0.6987,1.38391,1.44048,-0.68575,1.36703,1.58623,1.22731,1.61831,0.37262,-1.31981,1.56912,0.57736
12,0,BENAR,-1.08422,0.71651,-1.31448,0.10604,-1.34106,-3.12207,0.18192,-1.41667,-2.84607,0.24985,-1.41358,-2.84933,0.30015,-1.4112,-2.84886,0.01595,-1.42356,-2.87193,-0.04924,-1.42506,-2.8756,-0.0942,-1.42561,-2.87732,0.3589,-1.38548,-1.23075,-0.1936,-1.39813,-1.34039,0.20289,-1.25867,-2.48736,-0.00272,-1.25611,-2.54377,0.6894,-0.94692,-0.28038,-0.5871,-0.96945,-0.25484,0.98636,-0.51451,-1.00333,-0.9751,-0.52364,-1.16373,1.44059,-0.86899,-3.3968,-1.41365,-0.87068,-3.44326,1.56775,-0.95219,-3.82803,-1.50332,-0.96747,-3.90182,1.49829,-0.9938,-4.025,-1.47685,-1.00452,-4.0501,1.41852,-0.96164,-3.52854,-1.42193,-0.97542,-3.58378,0.40042,0.00292,-0.0352,-0.40042,-0.00292,0.0352,1.04739,0.70956,-1.16641,-1.08422,0.71651,-1.31448,0.83903,1.31598,1.26475,-0.82599,1.28733,1.34658,0.72084,1.40094,1.44122,-0.69575,1.3791,1.57908,1.27912,1.64948,0.35517,-1.35187,1.59611,0.64207
13,0,BENAR,-1.02818,0.66159,-1.15932,0.10213,-1.17919,-3.19653,0.17538,-1.25141,-2.95167,0.23701,-1.24952,-2.95463,0.28232,-1.24677,-2.95427,0.02435,-1.25669,-2.97285,-0.03452,-1.25901,-2.97615,-0.07496,-1.25997,-2.97766,0.33616,-1.22119,-1.52156,-0.16512,-1.23689,-1.60752,0.1891,-1.10345,-2.60669,0.00383,-1.10613,-2.65456,0.6269,-0.83676,-0.53077,-0.52048,-0.85106,-0.53525,0.90392,-0.44903,-0.72175,-0.86979,-0.43979,-1.07017,1.31037,-0.76312,-2.25807,-1.25444,-0.75228,-2.68349,1.43147,-0.84421,-2.53964,-1.35666,-0.84255,-3.00647,1.36502,-0.88269,-2.72961,-1.33096,-0.87706,-3.14339,1.28681,-0.85546,-2.36782,-1.27823,-0.84713,-2.79584,0.35998,0.00509,-0.03044,-0.35998,-0.00509,0.03044,1.00336,0.65544,-1.0829,-1.02818,0.66159,-1.15932,0.77177,1.17616,1.18732,-0.74012,1.14787,1.31769,0.66173,1.25513,1.35409,-0.61814,1.2293,1.54614,1.2005,1.48029,0.34581,-1.21766,1.43078,0.70896
14,0,BENAR,-1.11014,0.67535,-1.17427,0.09998,-1.17925,-3.2149,0.18166,-1.25145,-2.97498,0.24444,-1.24938,-2.97821,0.29081,-1.24604,-2.97796,0.02447,-1.25823,-2.99036,-0.03349,-1.261,-2.99387,-0.07512,-1.26239,-2.9958,0.34841,-1.22025,-1.58508,-0.16556,-1.23655,-1.64836,0.18885,-1.10138,-2.63832,-0.00207,-1.10359,-2.67815,0.64063,-0.82387,-0.52907,-0.52552,-0.86059,-0.53715,0.93494,-0.42443,-0.33609,-0.87209,-0.43406,-0.86589,1.3427,-0.76877,-1.16745,-1.26613,-0.75178,-2.25553,1.48094,-0.86426,-1.31685,-1.38733,-0.84786,-2.54363,1.40067,-0.89891,-1.52057,-1.35982,-0.88486,-2.68941,1.31446,-0.86891,-1.26271,-1.29722,-0.85133,-2.36519,0.36903,0.00576,-0.02905,-0.36903,-0.00576,0.02905,1.07113,0.67573,-1.12706,-1.11014,0.67535,-1.17427,0.79356,1.18176,1.25629,-0.76263,1.14734,1.40104,0.68075,1.26402,1.44144,-0.62906,1.22747,1.65226,1.24473,1.49256,0.51957,-1.25879,1.43961,0.81841
15,0,BENAR,-1.2676,0.72382,-1.29281,0.10352,-1.25467,-3.38888,0.20078,-1.33558,-3.13457,0.27056,-1.33571,-3.13826,0.32171,-1.3334,-3.13808,0.02379,-1.34122,-3.13491,-0.03525,-1.34476,-3.13886,-0.0823,-1.34927,-3.1415,0.38813,-1.31143,-1.68539,-0.17767,-1.32475,-1.66812,0.20519,-1.17218,-2.78416,-0.00642,-1.17397,-2.80828,0.70856,-0.89083,-0.42312,-0.56573,-0.92964,-0.39159,1.04759,-0.4557,0.19013,-0.94549,-0.46205,-0.03037,1.4801,-0.8218,-0.0901,-1.389,-0.80893,-0.6799,1.64307,-0.93672,-0.13431,-1.51963,-0.92137,-0.8389,1.54454,-0.97594,-0.35578,-1.4866,-0.96939,-0.96256,1.44243,-0.93774,-0.17502,-1.41586,-0.92706,-0.76186,0.40783,0.00726,-0.03093,-0.40783,-0.00726,0.03093,1.22088,0.7423,-1.22646,-1.2676,0.72382,-1.29281,0.87767,1.26482,1.5108,-0.84772,1.22665,1.5583,0.75399,1.35335,1.75065,-0.69086,1.31211,1.85229,1.37437,1.61196,0.85897,-1.39495,1.55239,1.02504
16,0,BENAR,-1.43461,0.77914,-1.41176,0.11042,-1.35681,-2.7634,0.22088,-1.44839,-2.52777,0.29793,-1.44907,-2.53158,0.35459,-1.44761,-2.53128,0.02462,-1.45222,-2.53825,-0.03729,-1.45388,-2.54252,-0.08826,-1.45836,-2.5451,0.43122,-1.42842,-1.08124,-0.19135,-1.43544,-1.12524,0.22428,-1.27212,-2.16977,-0.00667,-1.2699,-2.21163,0.78032,-0.98,0.07394,-0.61857,-1.00541,0.10482,1.1609,-0.51716,0.84834,-1.03875,-0.51312,0.27917,1.63776,-0.89719,0.60403,-1.52663,-0.87962,-0.59499,1.81378,-1.02187,0.57072,-1.6695,-0.98705,-0.7875,1.70498,-1.06563,0.36253,-1.62075,-1.04732,-0.89204,1.59297,-1.02213,0.52496,-1.53994,-1.00544,-0.67766,0.45069,0.00881,-0.02481,-0.45069,-0.00881,0.02481,1.39115,0.79184,-1.32657,-1.43461,0.77914,-1.41176,0.97001,1.34747,1.67193,-0.94006,1.30587,1.71946,0.83207,1.44228,1.9271,-0.76533,1.39922,2.03808,1.51843,1.73642,1.05243,-1.53812,1.67332,1.15967
17,0,BENAR,-1.48212,0.75339,-1.47249,0.10709,-1.34702,-2.71864,0.21817,-1.44277,-2.49976,0.29615,-1.44326,-2.50357,0.35284,-1.44184,-2.50326,0.02045,-1.44539,-2.51881,-0.04219,-1.44685,-2.52316,-0.09258,-1.45051,-2.52572,0.43032,-1.42462,-1.0723,-0.19664,-1.42818,-1.16532,0.22132,-1.26368,-2.13374,-0.0092,-1.2595,-2.18867,0.77869,-0.98262,0.05683,-0.62991,-1.00951,0.03455,1.16884,-0.5311,1.17801,-1.05435,-0.5272,0.56639,1.65617,-0.93332,1.97801,-1.53718,-0.90328,0.5133,1.80872,-1.05406,2.14568,-1.69253,-0.99029,0.48017,1.71209,-1.09213,1.93507,-1.63873,-1.0512,0.40253,1.60124,-1.04654,1.92869,-1.55329,-1.01862,0.46473,0.45472,0.00801,-0.0055,-0.45472,-0.00801,0.0055,1.43312,0.78331,-1.10118,-1.48212,0.75339,-1.47249,0.97087,1.30602,1.88602,-0.96041,1.26523,1.56242,0.83061,1.38702,2.16272,-0.78233,1.35813,1.869,1.52313,1.70042,1.49693,-1.55612,1.64219,1.22857
18,0,BENAR,-1.53782,0.76036,-1.49777,0.10491,-1.33182,-2.76921,0.21762,-1.43018,-2.55477,0.29723,-1.4302,-2.55867,0.35396,-1.42834,-2.55837,0.01678,-1.43216,-2.57283,-0.04697,-1.4337,-2.57731,-0.09773,-1.4366,-2.57997,0.43218,-1.40889,-1.12194,-0.20236,-1.41533,-1.21888,0.22044,-1.24998,-2.17809,-0.013,-1.24639,-2.2328,0.77811,-0.97866,0.03428,-0.63921,-1.0156,0.00995,1.17972,-0.5002,1.20299,-1.07606,-0.52736,0.56406,1.68432,-0.93943,2.062,-1.5695,-0.88718,0.35103,1.82921,-1.06534,2.2401,-1.7338,-0.98998,0.29315,1.73928,-1.10965,2.01446,-1.66304,-1.05535,0.2208,1.6274,-1.05874,2.00957,-1.57672,-1.01449,0.3008,0.45945,0.0049,0.00089,-0.45945,-0.0049,-0.00089,1.48558,0.79593,-1.02299,-1.53782,0.76036,-1.49777,0.97682,1.29305,2.07495,-0.98357,1.25898,1.61311,0.83219,1.35469,2.37192,-0.80107,1.3481,1.93605,1.51988,1.69101,1.76095,-1.57557,1.64589,1.325
19,0,BENAR,-1.57414,0.73623,-1.48062,0.10519,-1.31655,-3.14807,0.21876,-1.42013,-2.94036,0.29958,-1.41909,-2.94441,0.355,-1.41596,-2.94414,0.01801,-1.42159,-2.96671,-0.0479,-1.42411,-2.97101,-0.09801,-1.4269,-2.97364,0.43264,-1.39306,-1.46231,-0.20554,-1.408,-1.58767,0.22166,-1.22994,-2.53098,-0.01333,-1.23319,-2.59647,0.77745,-0.97538,-0.17078,-0.64723,-0.98348,-0.21118,1.16731,-0.49817,1.17782,-1.0917,-0.52295,0.55342,1.69238,-0.89009,1.99956,-1.58839,-0.89007,0.14236,1.83068,-1.02101,2.17015,-1.75254,-0.9917,0.04892,1.73589,-1.06848,1.92684,-1.66297,-1.06468,-0.02069,1.62897,-1.01789,1.94028,-1.57546,-1.02085,0.08824,0.46507,0.00034,0.00226,-0.46507,-0.00034,-0.00226,1.52112,0.78433,-1.01082,-1.57414,0.73623,-1.48062,0.97905,1.24949,2.2381,-0.9982,1.21885,1.80078,0.83176,1.30727,2.5483,-0.81229,1.30326,2.16008,1.51047,1.64641,1.92126,-1.5853,1.6095,1.48938
20,0,BENAR,-1.62197,0.71586,-1.50437,0.10523,-1.30299,-3.1778,0.21808,-1.41069,-2.97685,0.30061,-1.41036,-2.98083,0.3559,-1.40864,-2.98053,0.01677,-1.41391,-3.00305,-0.05096,-1.41781,-3.00734,-0.10078,-1.42157,-3.00993,0.43153,-1.39208,-1.48757,-0.21356,-1.40653,-1.61509,0.22482,-1.21855,-2.56597,-0.01408,-1.2213,-2.63126,0.78473,-0.97458,-0.17379,-0.66333,-0.98353,-0.21489,1.18085,-0.49019,1.38988,-1.11636,-0.50698,0.71503,1.69483,-0.89583,2.54267,-1.62366,-0.87336,0.79469,1.83316,-1.01112,2.7617,-1.76717,-0.97924,0.79271,1.74522,-1.05985,2.51432,-1.68534,-1.04994,0.70012,1.63979,-1.01819,2.49018,-1.60669,-1.01162,0.7485,0.46923,0.00134,0.00463,-0.46923,-0.00134,-0.00463,1.57167,0.76667,-0.98367,-1.62197,0.71586,-1.50437,0.99031,1.22858,2.31347,-1.02175,1.203,1.73892,0.83722,1.27975,2.64036,-0.83137,1.28692,2.09134,1.50988,1.63503,2.12902,-1.61792,1.60322,1.4912
21,0,BENAR,-1.61156,0.68575,-1.5193,0.10116,-1.25403,-3.17244,0.21283,-1.36056,-2.98198,0.29477,-1.35969,-2.98583,0.34898,-1.35688,-2.98552,0.0152,-1.36347,-3.00747,-0.05208,-1.36761,-3.01169,-0.10013,-1.37093,-3.0142,0.42168,-1.34215,-1.56439,-0.2117,-1.35841,-1.69558,0.2209,-1.17064,-2.5769,-0.01583,-1.17574,-2.64043,0.77397,-0.93981,-0.29949,-0.66011,-0.95458,-0.30088,1.16442,-0.49458,1.14149,-1.10962,-0.49028,0.70968,1.664,-0.88495,2.04522,-1.61376,-0.84302,0.90725,1.80319,-0.9984,2.24523,-1.74101,-0.96189,0.92892,1.70704,-1.04861,2.02646,-1.66368,-1.02389,0.83735,1.59698,-1.00846,1.9991,-1.59095,-0.97776,0.86546,0.46154,-9e-05,0.00669,-0.46154,9e-05,-0.00669,1.57253,0.73155,-0.94815,-1.61156,0.68575,-1.5193,0.97801,1.17623,2.28108,-1.01658,1.15899,1.59135,0.82439,1.21575,2.61329,-0.82721,1.23714,1.91379,1.47939,1.57949,2.1911,-1.60275,1.55511,1.43446
22,0,BENAR,-1.36285,0.56157,-1.29363,0.08254,-1.03781,-3.11598,0.1769,-1.12221,-2.95582,0.24691,-1.12247,-2.95913,0.29184,-1.12169,-2.95879,0.01068,-1.12663,-2.97564,-0.04604,-1.13124,-2.97934,-0.08649,-1.13562,-2.98151,0.35123,-1.11229,-1.74115,-0.17947,-1.12834,-1.84751,0.18514,-0.97009,-2.597,-0.01591,-0.9722,-2.64817,0.65914,-0.78632,-0.61584,-0.56265,-0.79605,-0.59938,0.98819,-0.38285,0.70979,-0.94393,-0.40957,0.30309,1.40997,-0.73477,1.69301,-1.3697,-0.70626,0.72415,1.52207,-0.84451,1.87471,-1.47576,-0.80755,0.77625,1.44312,-0.88424,1.67259,-1.40359,-0.85395,0.69051,1.35096,-0.84354,1.65047,-1.33406,-0.81385,0.69431,0.38972,-0.00075,0.00495,-0.38972,0.00075,-0.00495,1.34536,0.58777,-0.83089,-1.36285,0.56157,-1.29363,0.82804,0.96658,1.9189,-0.86497,0.95138,1.35029,0.696,0.99905,2.19737,-0.70612,1.00893,1.6239,1.2501,1.29698,1.81256,-1.35868,1.28348,1.22592
23,0,BENAR,-1.35111,0.53982,-1.34406,0.07374,-0.99634,-3.13832,0.1665,-1.078,-2.97763,0.23461,-1.07986,-2.98088,0.27894,-1.08089,-2.98047,0.00541,-1.08292,-2.99633,-0.04882,-1.08894,-2.99999,-0.08868,-1.0953,-3.00211,0.33671,-1.07729,-1.77572,-0.1784,-1.09273,-1.87815,0.17863,-0.93297,-2.62302,-0.02099,-0.93296,-2.67286,0.65223,-0.76101,-0.66169,-0.56208,-0.76808,-0.62429,0.97863,-0.35475,0.58824,-0.94004,-0.39213,0.52041,1.39513,-0.70287,1.88307,-1.3606,-0.68215,0.8218,1.48536,-0.8065,2.11462,-1.46233,-0.7793,0.8624,1.41092,-0.84665,1.9369,-1.38331,-0.83266,0.78852,1.33296,-0.80938,1.85843,-1.30887,-0.7977,0.79249,0.38179,-0.00504,0.00455,-0.38179,0.00504,-0.00455,1.33255,0.5534,-0.84884,-1.35111,0.53982,-1.34406,0.81957,0.93344,1.80287,-0.86122,0.91659,1.26413,0.6868,0.96665,2.07615,-0.70615,0.96674,1.54177,1.254,1.25997,1.70968,-1.35111,1.24388,1.18346
24,0,BENAR,-1.19063,0.44634,-1.29794,0.06936,-0.86117,-2.90886,0.14807,-0.93396,-2.77494,0.20719,-0.9355,-2.77774,0.24629,-0.93758,-2.77747,0.00756,-0.93996,-2.79755,-0.03969,-0.94501,-2.80071,-0.07472,-0.95077,-2.80263,0.29725,-0.93817,-1.72807,-0.15419,-0.95007,-1.8439,0.16017,-0.79958,-2.46057,-0.01626,-0.80463,-2.5118,0.58513,-0.66532,-0.72893,-0.4967,-0.67182,-0.74877,0.86756,-0.30974,0.44096,-0.83005,-0.34626,0.14568,1.23213,-0.61082,1.58617,-1.19889,-0.60791,0.72559,1.30705,-0.69729,1.75693,-1.28838,-0.69126,0.76143,1.23954,-0.73555,1.5903,-1.21387,-0.73623,0.6962,1.17951,-0.7048,1.55484,-1.14386,-0.70496,0.69971,0.33514,-0.00521,0.00855,-0.33514,0.00521,-0.00855,1.17465,0.45553,-0.87575,-1.19063,0.44634,-1.29794,0.72403,0.79446,1.39587,-0.75981,0.7783,0.95608,0.60589,0.82703,1.63063,-0.62243,0.82193,1.1956,1.1095,1.08096,1.40722,-1.19582,1.06564,0.85128
25,0,BENAR,-1.01109,0.35912,-1.15275,0.06502,-0.72122,-2.6436,0.12748,-0.78291,-2.54076,0.17653,-0.78448,-2.54313,0.20966,-0.78685,-2.54291,0.01058,-0.7876,-2.56219,-0.02861,-0.79168,-2.56495,-0.05909,-0.79615,-2.56656,0.2514,-0.78704,-1.67335,-0.12853,-0.79701,-1.78423,0.13867,-0.67339,-2.26576,-0.00995,-0.67853,-2.31244,0.4995,-0.55786,-0.80463,-0.42354,-0.56335,-0.84775,0.7367,-0.26054,0.25934,-0.70253,-0.28766,-0.01144,1.04577,-0.51226,1.25358,-1.01725,-0.51086,0.62787,1.11113,-0.57979,1.44352,-1.09239,-0.57776,0.71063,1.05382,-0.61477,1.29017,-1.03035,-0.61496,0.63913,1.0038,-0.59045,1.22812,-0.97048,-0.58905,0.61068,0.2844,-0.00581,0.01545,-0.2844,0.00581,-0.01545,0.9954,0.36272,-0.83616,-1.01109,0.35912,-1.15275,0.61548,0.65469,1.11289,-0.64621,0.63866,0.71415,0.51297,0.6854,1.31276,-0.52915,0.67587,0.91461,0.94465,0.89581,1.08223,-1.01893,0.88295,0.64492
26,0,BENAR,-0.88161,0.29457,-1.02231,0.05996,-0.61696,-2.50171,0.11323,-0.67171,-2.41372,0.15552,-0.6731,-2.41581,0.18437,-0.67464,-2.41564,0.01247,-0.67697,-2.43098,-0.02163,-0.68078,-2.43341,-0.04877,-0.6852,-2.43487,0.21902,-0.6763,-1.64393,-0.1107,-0.68758,-1.73423,0.12198,-0.57567,-2.16856,-0.00638,-0.57961,-2.20738,0.43572,-0.48114,-0.84801,-0.36851,-0.48716,-0.90052,0.63743,-0.22921,0.06805,-0.60912,-0.25106,-0.07927,0.90658,-0.44347,0.93623,-0.88788,-0.43383,0.49697,0.9697,-0.50273,1.12754,-0.95212,-0.49406,0.56265,0.92154,-0.5335,0.98172,-0.90633,-0.52819,0.49913,0.87899,-0.51448,0.91268,-0.85989,-0.50433,0.47983,0.24765,-0.00594,0.02889,-0.24765,0.00594,-0.02889,0.86854,0.29825,-0.79969,-0.88161,0.29457,-1.02231,0.53903,0.55552,0.88861,-0.56435,0.54005,0.60353,0.44817,0.58567,1.06233,-0.46165,0.57294,0.77589,0.83445,0.76752,0.87293,-0.88975,0.75375,0.52395
27,0,BENAR,-0.82889,0.25607,-1.01388,0.05918,-0.58177,-2.45467,0.1089,-0.63286,-2.37304,0.1493,-0.63488,-2.37497,0.17637,-0.63676,-2.37488,0.01496,-0.63634,-2.3879,-0.01704,-0.63984,-2.39016,-0.04229,-0.64419,-2.39156,0.20772,-0.63978,-1.64153,-0.10136,-0.64849,-1.72027,0.11767,-0.54383,-2.14037,-0.00305,-0.54747,-2.17437,0.41277,-0.45168,-0.86645,-0.34477,-0.46367,-0.91048,0.59665,-0.22143,-0.00888,-0.5726,-0.24245,-0.11349,0.85356,-0.41923,0.75372,-0.83706,-0.41232,0.44032,0.91843,-0.47863,0.89596,-0.89994,-0.46834,0.50265,0.87046,-0.50782,0.76683,-0.8632,-0.50177,0.43883,0.83204,-0.48784,0.72912,-0.82256,-0.48114,0.42279,0.23224,-0.0041,0.03099,-0.23224,0.0041,-0.03099,0.8145,0.26049,-0.86077,-0.82889,0.25607,-1.01388,0.51335,0.5041,0.75548,-0.52981,0.49256,0.5198,0.42643,0.53405,0.92112,-0.43227,0.52306,0.68116,0.79578,0.70919,0.72914,-0.83856,0.69323,0.43079
28,0,BENAR,-0.83681,0.23962,-1.08128,0.06099,-0.60037,-2.51583,0.11242,-0.65098,-2.42977,0.15423,-0.65295,-2.43175,0.1818,-0.65423,-2.43162,0.01903,-0.65357,-2.44519,-0.0132,-0.65768,-2.44749,-0.03883,-0.66233,-2.4489,0.2129,-0.65497,-1.64435,-0.09917,-0.66581,-1.73006,0.12173,-0.56045,-2.19022,-9e-05,-0.56657,-2.22565,0.4207,-0.46684,-0.86801,-0.34835,-0.47639,-0.89412,0.61097,-0.23383,-0.00908,-0.5811,-0.25807,-0.11293,0.87236,-0.43336,0.76974,-0.84946,-0.43395,0.49752,0.93498,-0.49352,0.91501,-0.91111,-0.49033,0.60336,0.88624,-0.52099,0.78313,-0.87252,-0.52157,0.52891,0.8502,-0.50219,0.74462,-0.83093,-0.50087,0.48371,0.23652,-0.00346,0.0328,-0.23652,0.00346,-0.0328,0.82525,0.24392,-0.92142,-0.83681,0.23962,-1.08128,0.53017,0.49333,0.72654,-0.53608,0.48318,0.54141,0.43987,0.52422,0.8949,-0.43641,0.51318,0.71308,0.81941,0.70439,0.68176,-0.85205,0.68754,0.44733
29,0,BENAR,-0.83696,0.23674,-1.14178,0.06311,-0.60192,-2.51705,0.116,-0.65511,-2.42335,0.15866,-0.65707,-2.42529,0.18705,-0.65791,-2.42524,0.02061,-0.65767,-2.4398,-0.01168,-0.66215,-2.44203,-0.03823,-0.66653,-2.44328,0.21895,-0.65799,-1.64346,-0.09879,-0.66905,-1.72897,0.12468,-0.56219,-2.18544,0.00112,-0.56562,-2.22149,0.4245,-0.47218,-0.86202,-0.35208,-0.47992,-0.8952,0.62533,-0.24586,-0.12597,-0.58627,-0.2623,-0.16601,0.89121,-0.43757,0.48611,-0.85971,-0.43341,0.3174,0.95439,-0.49747,0.60642,-0.92272,-0.48737,0.39357,0.90394,-0.52646,0.48944,-0.88024,-0.52099,0.32391,0.86784,-0.50916,0.46342,-0.83609,-0.49718,0.29973,0.24317,-0.00397,0.03424,-0.24317,0.00397,-0.03424,0.83261,0.2385,-0.95559,-0.83696,0.23674,-1.14178,0.543,0.48916,0.68164,-0.54339,0.48136,0.51412,0.45108,0.52024,0.84863,-0.44195,0.51108,0.6868,0.81395,0.70665,0.63492,-0.86487,0.69099,0.42536
30,0,BENAR,-0.75389,0.20643,-1.11448,0.05637,-0.5488,-2.31928,0.106,-0.59789,-2.23686,0.14485,-0.59957,-2.23861,0.17095,-0.60003,-2.2386,0.01783,-0.60021,-2.25202,-0.01168,-0.60444,-2.25404,-0.03696,-0.60824,-2.25515,0.20023,-0.59933,-1.54654,-0.09227,-0.60973,-1.62062,0.11284,-0.51273,-2.02271,-0.00209,-0.51472,-2.05443,0.38846,-0.43288,-0.8771,-0.32192,-0.44087,-0.92071,0.57089,-0.22478,-0.39227,-0.53136,-0.23875,-0.49835,0.81522,-0.39912,0.05799,-0.78057,-0.39748,-0.3123,0.87334,-0.4507,0.14761,-0.83963,-0.44447,-0.29367,0.82591,-0.47957,0.04665,-0.79594,-0.47508,-0.35245,0.79343,-0.46473,0.03588,-0.75354,-0.45368,-0.33687,0.22264,-0.00335,0.03201,-0.22264,0.00335,-0.03201,0.75523,0.20821,-0.85873,-0.75389,0.20643,-1.11448,0.49525,0.43749,0.52833,-0.49796,0.42731,0.31473,0.41271,0.46634,0.66733,-0.40564,0.45506,0.4678,0.73798,0.6361,0.50476,-0.79128,0.62299,0.27334
31,0,BENAR,-0.75419,0.2006,-1.14906,0.05613,-0.55101,-2.34974,0.10702,-0.59911,-2.26685,0.14566,-0.60042,-2.26858,0.17211,-0.60088,-2.26856,0.01796,-0.60232,-2.27856,-0.01179,-0.60682,-2.28057,-0.03762,-0.61079,-2.28163,0.20198,-0.60011,-1.61826,-0.09392,-0.61176,-1.66651,0.11282,-0.51546,-2.05879,-0.00366,-0.5161,-2.08394,0.39288,-0.4337,-0.88409,-0.32243,-0.44354,-0.91186,0.574,-0.22767,-0.39452,-0.52864,-0.23929,-0.47975,0.81857,-0.39599,0.05837,-0.77386,-0.40183,-0.35231,0.87921,-0.45055,0.14153,-0.84336,-0.44371,-0.34376,0.83086,-0.48022,0.0449,-0.79998,-0.47702,-0.40649,0.79721,-0.46639,0.03614,-0.75563,-0.45821,-0.38004,0.22416,-0.0025,0.03349,-0.22416,0.0025,-0.03349,0.75992,0.2019,-0.85562,-0.75419,0.2006,-1.14906,0.49435,0.4315,0.49843,-0.50111,0.42143,0.28558,0.41357,0.46199,0.63296,-0.40893,0.44905,0.43796,0.73924,0.6309,0.46353,-0.79257,0.62034,0.24218
32,0,BENAR,-0.75048,0.18767,-1.21222,0.05546,-0.55317,-2.36824,0.10706,-0.60023,-2.28329,0.14538,-0.60129,-2.28501,0.17204,-0.60157,-2.28498,0.01781,-0.6036,-2.29311,-0.01185,-0.60805,-2.29511,-0.03784,-0.61187,-2.29616,0.20229,-0.60033,-1.61037,-0.09382,-0.61185,-1.65957,0.11182,-0.51766,-2.06847,-0.00436,-0.51797,-2.09471,0.39411,-0.43635,-0.88652,-0.32004,-0.4463,-0.90664,0.57578,-0.23398,-0.42871,-0.5252,-0.24456,-0.46667,0.81536,-0.39885,-0.12047,-0.76955,-0.40516,-0.33208,0.87967,-0.45178,-0.0533,-0.84223,-0.44657,-0.32072,0.82948,-0.48301,-0.14816,-0.79841,-0.48212,-0.38631,0.79397,-0.46947,-0.14293,-0.75119,-0.46316,-0.36002,0.22415,-0.00154,0.0341,-0.22415,0.00154,-0.0341,0.75725,0.18781,-0.89555,-0.75048,0.18767,-1.21222,0.49092,0.4221,0.41261,-0.50043,0.41171,0.23512,0.41151,0.45265,0.54085,-0.40855,0.44001,0.38541,0.73772,0.6209,0.3296,-0.79089,0.60799,0.16258
33,0,BENAR,-0.72606,0.17054,-1.18045,0.05258,-0.53965,-2.3467,0.10321,-0.58609,-2.26032,0.14009,-0.58711,-2.26202,0.16638,-0.58729,-2.26192,0.01571,-0.58952,-2.26983,-0.01301,-0.59322,-2.27176,-0.03871,-0.59613,-2.27282,0.19699,-0.58525,-1.55968,-0.09244,-0.59518,-1.61191,0.1073,-0.50498,-2.04873,-0.00625,-0.50509,-2.07426,0.38298,-0.42487,-0.89451,-0.30703,-0.43564,-0.90928,0.56324,-0.23253,-0.44706,-0.51056,-0.24241,-0.45645,0.79371,-0.39284,-0.13489,-0.74684,-0.39759,-0.28829,0.85637,-0.4442,-0.06696,-0.819,-0.43965,-0.27184,0.80733,-0.47338,-0.16265,-0.77384,-0.47324,-0.33328,0.77233,-0.45871,-0.15757,-0.7254,-0.45549,-0.3141,0.21766,-0.00041,0.03311,-0.21766,0.00041,-0.03311,0.73388,0.16969,-0.94184,-0.72606,0.17054,-1.18045,0.47538,0.40874,0.2828,-0.48622,0.39655,0.22339,0.3998,0.43794,0.40168,-0.39679,0.4267,0.36867,0.72291,0.60379,0.17784,-0.77065,0.57989,0.14518
34,0,BENAR,-0.71446,0.16065,-1.17667,0.0525,-0.53508,-2.32102,0.10265,-0.58209,-2.23225,0.1391,-0.58293,-2.23395,0.16509,-0.58277,-2.23387,0.01571,-0.58512,-2.24082,-0.01279,-0.5881,-2.24276,-0.03832,-0.59045,-2.24385,0.19565,-0.58139,-1.53444,-0.09204,-0.59047,-1.58479,0.10641,-0.50012,-2.02381,-0.00625,-0.50002,-2.04813,0.37996,-0.42136,-0.89859,-0.30326,-0.43261,-0.9083,0.56002,-0.23246,-0.48955,-0.50551,-0.24313,-0.48635,0.78846,-0.39101,-0.2139,-0.73951,-0.39572,-0.36282,0.85085,-0.44608,-0.15169,-0.80787,-0.44004,-0.3532,0.80104,-0.47358,-0.24211,-0.76453,-0.47188,-0.41368,0.76614,-0.45667,-0.23576,-0.71782,-0.4543,-0.38968,0.21529,0.00054,0.03221,-0.21529,-0.00054,-0.03221,0.72412,0.16232,-0.94025,-0.71446,0.16065,-1.17667,0.47066,0.40575,0.27064,-0.47953,0.39163,0.19338,0.39671,0.43348,0.38714,-0.39075,0.42197,0.33474,0.7188,0.59906,0.17187,-0.76328,0.57039,0.1267
35,0,BENAR,-0.71301,0.15714,-1.22888,0.0552,-0.54232,-2.32336,0.10464,-0.58891,-2.23791,0.14131,-0.58964,-2.23961,0.16722,-0.58959,-2.23952,0.01704,-0.59211,-2.24699,-0.01153,-0.5951,-2.24892,-0.0373,-0.59788,-2.24996,0.19783,-0.58738,-1.54203,-0.0927,-0.59647,-1.5896,0.10829,-0.50674,-2.0286,-0.00467,-0.50658,-2.05324,0.38165,-0.42553,-0.89741,-0.30257,-0.43468,-0.90641,0.56497,-0.23558,-0.48835,-0.50755,-0.24564,-0.55137,0.79457,-0.39379,-0.26857,-0.74306,-0.3989,-0.54444,0.85826,-0.44897,-0.21844,-0.80826,-0.44656,-0.55583,0.80781,-0.47659,-0.3108,-0.76378,-0.47729,-0.61938,0.77205,-0.4599,-0.29314,-0.71682,-0.45869,-0.57579,0.21538,0.00104,0.03162,-0.21538,-0.00104,-0.03162,0.71766,0.16182,-0.92998,-0.71301,0.15714,-1.22888,0.47444,0.40881,0.29924,-0.47994,0.39425,0.12094,0.40066,0.43638,0.41828,-0.39102,0.42494,0.26038,0.7242,0.60334,0.2072,-0.76781,0.57388,0.05627
36,0,BENAR,-0.71471,0.16152,-1.24431,0.05846,-0.55204,-2.34461,0.10752,-0.59981,-2.24267,0.14456,-0.60048,-2.2444,0.17069,-0.60039,-2.24436,0.01836,-0.60278,-2.24931,-0.0106,-0.60599,-2.2512,-0.03699,-0.60909,-2.25217,0.20114,-0.59769,-1.51508,-0.09637,-0.60719,-1.55742,0.11133,-0.51649,-2.04108,-0.00297,-0.51663,-2.06301,0.38547,-0.43226,-0.90151,-0.30642,-0.44116,-0.89596,0.57493,-0.2383,-0.49449,-0.51272,-0.24793,-0.55656,0.80755,-0.40082,-0.26688,-0.75436,-0.40393,-0.57202,0.874,-0.4554,-0.21498,-0.81745,-0.45314,-0.58673,0.82274,-0.48445,-0.30959,-0.77158,-0.48418,-0.65283,0.78508,-0.46787,-0.29252,-0.7268,-0.4646,-0.60531,0.21881,0.00085,0.03096,-0.21881,-0.00085,-0.03096,0.71606,0.16679,-0.9326,-0.71471,0.16152,-1.24431,0.48364,0.41772,0.345,-0.48527,0.4037,0.11875,0.40902,0.44584,0.46807,-0.39706,0.43477,0.26055,0.73752,0.61587,0.26238,-0.7807,0.58607,0.05236
37,0,BENAR,-0.71054,0.16768,-1.23838,0.05945,-0.56023,-2.33542,0.10886,-0.60807,-2.23383,0.14662,-0.60961,-2.23557,0.17317,-0.60957,-2.23547,0.01777,-0.61086,-2.23515,-0.01094,-0.61433,-2.23708,-0.03819,-0.61682,-2.23802,0.20393,-0.60668,-1.50336,-0.09886,-0.61336,-1.52136,0.11335,-0.523,-2.03246,-0.0026,-0.52122,-2.04718,0.39088,-0.43231,-0.91132,-0.31132,-0.44308,-0.88517,0.58084,-0.23553,-0.62534,-0.51774,-0.24659,-0.60489,0.81922,-0.40213,-0.57727,-0.76717,-0.40518,-0.69211,0.88716,-0.45509,-0.55616,-0.82817,-0.45607,-0.71933,0.83524,-0.48559,-0.64557,-0.78166,-0.48742,-0.78545,0.79692,-0.46951,-0.60638,-0.73697,-0.467,-0.72893,0.22191,0.00104,0.03107,-0.22191,-0.00104,-0.03107,0.71045,0.17652,-0.91725,-0.71054,0.16768,-1.23838,0.49109,0.43108,0.3588,-0.49251,0.41768,0.11293,0.41681,0.45961,0.48339,-0.40562,0.44896,0.24605,0.74866,0.63294,0.27443,-0.79401,0.60195,0.0233
38,0,BENAR,-0.63691,0.17055,-1.15727,0.05535,-0.52593,-2.23391,0.10106,-0.57078,-2.14661,0.13623,-0.57243,-2.14816,0.16078,-0.57287,-2.14813,0.01595,-0.57247,-2.14988,-0.01026,-0.57471,-2.15161,-0.03513,-0.57671,-2.15243,0.18967,-0.56909,-1.47614,-0.08976,-0.57308,-1.49932,0.10566,-0.49136,-1.95597,-0.00121,-0.48838,-1.97123,0.36217,-0.39987,-0.9287,-0.29142,-0.40423,-0.90005,0.53917,-0.20988,-0.94348,-0.47995,-0.22418,-0.84314,0.75872,-0.37127,-1.29677,-0.71383,-0.37038,-1.21062,0.82211,-0.41805,-1.35588,-0.76857,-0.42052,-1.28951,0.77413,-0.45102,-1.42859,-0.72958,-0.45004,-1.36497,0.73856,-0.43223,-1.33106,-0.69224,-0.43073,-1.25893,0.2047,0.00027,0.02029,-0.2047,-0.00027,-0.02029,0.65136,0.18061,-0.87329,-0.63691,0.17055,-1.15727,0.45531,0.41486,0.34562,-0.45567,0.40352,0.09251,0.38688,0.44096,0.46181,-0.37634,0.43236,0.22202,0.69258,0.60046,0.23631,-0.73485,0.57279,-0.00648
39,0,BENAR,-0.58566,0.18641,-1.09094,0.05163,-0.5019,-2.14956,0.09379,-0.54416,-2.07407,0.12695,-0.54578,-2.07545,0.14982,-0.54713,-2.07547,0.01365,-0.54535,-2.07816,-0.01077,-0.54674,-2.07973,-0.03396,-0.54849,-2.08045,0.17699,-0.54268,-1.45517,-0.08362,-0.54226,-1.47707,0.09948,-0.4682,-1.89267,0.00121,-0.46636,-1.9072,0.33892,-0.37511,-0.94011,-0.27221,-0.37818,-0.91138,0.50548,-0.1879,-1.06043,-0.45184,-0.20734,-0.92435,0.71065,-0.3455,-1.59923,-0.67386,-0.34171,-1.4864,0.77008,-0.39342,-1.69711,-0.72823,-0.39093,-1.59395,0.72519,-0.42366,-1.76059,-0.69571,-0.42005,-1.66917,0.69156,-0.40338,-1.63542,-0.66052,-0.40005,-1.5383,0.19105,-0.00121,0.01265,-0.19105,0.00121,-0.01265,0.60619,0.19337,-0.83924,-0.58566,0.18641,-1.09094,0.42623,0.41142,0.35749,-0.42827,0.40177,0.08521,0.36248,0.4362,0.46686,-0.35411,0.42824,0.20936,0.64794,0.58393,0.22165,-0.68995,0.55981,-0.0234
40,0,BENAR,-0.66867,0.24675,-1.14489,0.05456,-0.57153,-2.17886,0.10378,-0.62052,-2.09913,0.14249,-0.62257,-2.10068,0.16808,-0.62297,-2.10068,0.01151,-0.62371,-2.10208,-0.01624,-0.62625,-2.10395,-0.04222,-0.62822,-2.10477,0.19891,-0.61866,-1.45373,-0.09946,-0.6208,-1.47101,0.11161,-0.52972,-1.90711,-0.00153,-0.53315,-1.92167,0.38422,-0.42684,-0.90367,-0.3116,-0.43679,-0.8975,0.56985,-0.20628,-0.93127,-0.52253,-0.22802,-0.94144,0.80512,-0.3894,-1.31876,-0.77615,-0.38737,-1.38277,0.87493,-0.44194,-1.38019,-0.83459,-0.44111,-1.47407,0.8244,-0.47601,-1.45067,-0.79813,-0.48062,-1.54875,0.78348,-0.45567,-1.35563,-0.76231,-0.46003,-1.43332,0.21458,-0.00061,0.00518,-0.21458,0.00061,-0.00518,0.68534,0.25627,-0.88388,-0.66867,0.24675,-1.14489,0.48097,0.49743,0.44711,-0.49236,0.48816,0.14993,0.40869,0.52641,0.57193,-0.40895,0.51807,0.28175,0.73143,0.69316,0.34109,-0.79037,0.67368,0.03958
41,0,BENAR,-0.74507,0.30364,-1.07327,0.05328,-0.63723,-2.27064,0.1081,-0.68956,-2.1802,0.1512,-0.69093,-2.18209,0.17923,-0.69138,-2.18206,0.00597,-0.69417,-2.19242,-0.02446,-0.6967,-2.19467,-0.0529,-0.70019,-2.19575,0.21273,-0.68651,-1.46649,-0.11621,-0.69158,-1.52212,0.11887,-0.59195,-1.97039,-0.00812,-0.59492,-2.00012,0.41997,-0.47555,-0.86641,-0.3511,-0.48381,-0.88656,0.61891,-0.22963,-0.56516,-0.58398,-0.25469,-0.75308,0.88218,-0.43619,-0.47624,-0.86556,-0.43018,-1.01607,0.95838,-0.49465,-0.43865,-0.92813,-0.48871,-1.05155,0.90403,-0.52632,-0.54089,-0.88511,-0.53326,-1.11716,0.85972,-0.50577,-0.51051,-0.84547,-0.50963,-1.05697,0.23345,-0.00313,0.00524,-0.23345,0.00313,-0.00524,0.7458,0.31946,-0.79876,-0.74507,0.30364,-1.07327,0.52277,0.57552,0.65144,-0.5485,0.56641,0.30208,0.44624,0.60764,0.79148,-0.45729,0.59895,0.44473,0.79743,0.79023,0.60657,-0.87943,0.77246,0.21557
42,0,BENAR,-0.84743,0.37374,-1.14563,0.05716,-0.736,-2.38837,0.11937,-0.79338,-2.29184,0.1678,-0.7934,-2.29399,0.19953,-0.79319,-2.29391,0.00385,-0.80145,-2.30068,-0.03014,-0.80551,-2.30323,-0.06249,-0.80889,-2.30439,0.23781,-0.78588,-1.50731,-0.13383,-0.79803,-1.557,0.13189,-0.68424,-2.05683,-0.01289,-0.68705,-2.08396,0.47392,-0.54579,-0.83758,-0.39863,-0.55779,-0.82805,0.6965,-0.26192,-0.49552,-0.66326,-0.28743,-0.69505,0.99813,-0.49843,-0.35913,-0.97941,-0.49423,-0.9878,1.08203,-0.56131,-0.31143,-1.05295,-0.56502,-1.03007,1.02373,-0.60099,-0.43042,-0.99902,-0.6092,-1.10297,0.97251,-0.57786,-0.39742,-0.95025,-0.58383,-1.03255,0.26328,-0.00177,0.00423,-0.26328,0.00177,-0.00423,0.83985,0.39571,-0.78487,-0.84743,0.37374,-1.14563,0.58891,0.68104,0.85336,-0.62099,0.67017,0.42037,0.50237,0.71867,1.01518,-0.51635,0.70607,0.58209,0.91076,0.92976,0.79515,-0.99927,0.90206,0.27274
43,0,BENAR,-1.18494,0.55122,-1.56545,0.07754,-1.0447,-2.6982,0.16326,-1.12474,-2.54825,0.22787,-1.12387,-2.55116,0.27264,-1.12243,-2.55096,0.00451,-1.13359,-2.57129,-0.04218,-1.13776,-2.57479,-0.08829,-1.14016,-2.57642,0.32741,-1.1054,-1.45836,-0.18372,-1.11857,-1.57472,0.18129,-0.97267,-2.24444,-0.02125,-0.97504,-2.29608,0.65049,-0.77068,-0.58936,-0.54601,-0.77892,-0.66376,0.95814,-0.38446,-0.18863,-0.91318,-0.39367,-0.18763,1.37263,-0.70909,-0.1444,-1.34373,-0.68414,-0.33949,1.49134,-0.80118,-0.0638,-1.4419,-0.77892,-0.37382,1.40791,-0.85922,-0.2589,-1.36737,-0.83863,-0.50251,1.33413,-0.82166,-0.19864,-1.30102,-0.80351,-0.4072,0.3628,-0.00116,0.01544,-0.3628,0.00116,-0.01544,1.1606,0.5814,-0.97056,-1.18494,0.55122,-1.56545,0.80886,0.97372,1.2559,-0.85134,0.95813,0.59851,0.69021,1.02916,1.47096,-0.70606,1.00878,0.82147,1.27273,1.32271,1.10981,-1.3681,1.28015,0.37664
44,0,BENAR,-1.25938,0.60507,-1.5667,0.08623,-1.14289,-2.70835,0.17638,-1.23172,-2.53319,0.24477,-1.23132,-2.53627,0.29104,-1.22912,-2.53613,0.00829,-1.23577,-2.56706,-0.04065,-1.23827,-2.57059,-0.0899,-1.23912,-2.57225,0.34869,-1.20409,-1.34695,-0.18905,-1.21053,-1.50858,0.19559,-1.06871,-2.22269,-0.01724,-1.06821,-2.28792,0.68471,-0.82902,-0.47181,-0.56881,-0.84394,-0.61803,1.01355,-0.43282,0.00425,-0.95679,-0.42708,-0.38449,1.44607,-0.77087,0.03672,-1.40538,-0.74054,-0.94957,1.56906,-0.8688,0.09877,-1.50755,-0.83915,-1.07469,1.48515,-0.92032,-0.11889,-1.42884,-0.89986,-1.20383,1.40394,-0.88563,-0.03006,-1.36021,-0.86385,-1.02907,0.385,0.00138,0.02973,-0.385,-0.00138,-0.02973,1.23231,0.63864,-1.00899,-1.25938,0.60507,-1.5667,0.85547,1.06016,1.33318,-0.89294,1.04265,0.72465,0.73012,1.12548,1.55108,-0.73619,1.10207,0.94922,1.3474,1.42395,1.0894,-1.43448,1.38435,0.38546
45,0,BENAR,-1.27176,0.63892,-1.5643,0.09115,-1.17269,-2.91877,0.18048,-1.25773,-2.73087,0.24856,-1.2558,-2.73423,0.29459,-1.25322,-2.73402,0.01245,-1.26212,-2.75627,-0.03676,-1.26224,-2.75987,-0.08631,-1.26107,-2.76178,0.3519,-1.22405,-1.49627,-0.18642,-1.22394,-1.62075,0.19969,-1.09644,-2.4135,-0.01222,-1.09059,-2.46955,0.68729,-0.83528,-0.48637,-0.56221,-0.84,-0.59865,1.01957,-0.42386,0.08532,-0.95053,-0.43245,-0.42369,1.46522,-0.76845,0.06026,-1.41333,-0.742,-1.18038,1.58695,-0.87129,0.10794,-1.50123,-0.83798,-1.27982,1.51205,-0.92405,-0.10073,-1.43111,-0.89786,-1.41297,1.42353,-0.88342,-0.00752,-1.37077,-0.86622,-1.25938,0.38885,0.00624,0.03213,-0.38885,-0.00624,-0.03213,1.24681,0.66448,-0.96297,-1.27176,0.63892,-1.5643,0.86035,1.11023,1.57059,-0.88935,1.09425,0.85908,0.73252,1.1803,1.79629,-0.72786,1.15849,1.09675,1.35462,1.46979,1.21124,-1.4284,1.43456,0.4425
46,0,BENAR,-1.46802,0.75994,-1.83351,0.10701,-1.3845,-2.38711,0.20809,-1.47041,-2.15259,0.28549,-1.46742,-2.15604,0.33796,-1.46449,-2.15581,0.01592,-1.47793,-2.179,-0.03991,-1.47755,-2.18291,-0.09632,-1.47735,-2.1849,0.40349,-1.43463,-0.74536,-0.20931,-1.43546,-0.87936,0.22896,-1.29888,-1.82199,-0.01081,-1.29104,-1.88321,0.78531,-0.97081,0.18494,-0.63787,-1.0032,0.1006,1.16469,-0.4846,0.46001,-1.07981,-0.50023,-0.404,1.71182,-0.94329,0.15395,-1.61143,-0.86866,-1.34422,1.86069,-1.06572,0.17272,-1.70972,-0.98275,-1.45746,1.78927,-1.1202,-0.05688,-1.63845,-1.04522,-1.60909,1.66664,-1.06982,0.07284,-1.57093,-1.00893,-1.43418,0.44598,0.00705,0.03305,-0.44598,-0.00705,-0.03305,1.42939,0.79881,-1.03092,-1.46802,0.75994,-1.83351,0.98728,1.31799,2.01194,-1.01081,1.30108,1.04429,0.83832,1.39987,2.28448,-0.82494,1.37551,1.32061,1.55371,1.72428,1.57222,-1.63031,1.68966,0.52461
47,0,BENAR,-1.28965,0.69444,-1.6414,0.09839,-1.25267,-1.81504,0.18708,-1.33024,-1.58952,0.25617,-1.32735,-1.59256,0.30267,-1.32429,-1.59221,0.01599,-1.33563,-1.6149,-0.03319,-1.33522,-1.61843,-0.08268,-1.3334,-1.62022,0.36162,-1.29078,-0.32372,-0.1807,-1.29148,-0.44825,0.20379,-1.1732,-1.30905,-0.00535,-1.17149,-1.36661,0.69403,-0.87202,0.4797,-0.56279,-0.89056,0.4421,1.03064,-0.45406,0.74544,-0.95029,-0.45453,0.43558,1.51352,-0.82474,0.08354,-1.41565,-0.78805,-0.78982,1.64161,-0.93598,-0.00661,-1.50662,-0.87078,-1.03657,1.57314,-0.97696,-0.18105,-1.45259,-0.93096,-1.17121,1.46621,-0.93382,0.00312,-1.39233,-0.90139,-0.89548,0.39722,0.00593,0.02572,-0.39722,-0.00593,-0.02572,1.25724,0.73093,-0.83813,-1.28965,0.69444,-1.6414,0.87649,1.20875,1.71881,-0.88825,1.19205,0.94656,0.74482,1.28417,1.95158,-0.72052,1.25814,1.20343,1.37439,1.56712,1.26021,-1.4374,1.53509,0.41098
48,0,BENAR,-1.08043,0.59305,-1.45244,0.08314,-1.07826,-1.37332,0.15806,-1.14307,-1.15375,0.21603,-1.14057,-1.15621,0.25524,-1.1381,-1.15579,0.01327,-1.14819,-1.16864,-0.02892,-1.14753,-1.17156,-0.07018,-1.14624,-1.17294,0.30861,-1.10743,-0.01565,-0.15049,-1.11155,-0.08682,0.17109,-1.01165,-0.91639,-0.00367,-1.00938,-0.95669,0.58344,-0.74191,0.65286,-0.47512,-0.75417,0.66999,0.86831,-0.3971,0.61918,-0.79871,-0.39253,0.49502,1.26979,-0.67648,-0.03365,-1.18796,-0.67892,-0.57944,1.37487,-0.77645,-0.15484,-1.26797,-0.75178,-0.80058,1.31537,-0.81885,-0.30487,-1.22887,-0.80162,-0.92356,1.2256,-0.78214,-0.10874,-1.18057,-0.77232,-0.66355,0.33708,0.00553,0.01199,-0.33708,-0.00553,-0.01199,1.0413,0.63467,-0.74535,-1.08043,0.59305,-1.45244,0.73551,1.05585,1.40373,-0.74245,1.04024,0.7303,0.62776,1.11853,1.58866,-0.59693,1.0961,0.9373,1.15297,1.36054,1.00497,-1.20593,1.3285,0.22661
49,0,BENAR,-1.03105,0.57774,-1.44744,0.07978,-1.07265,-1.32319,0.15228,-1.13335,-1.11004,0.20793,-1.13125,-1.11234,0.24656,-1.12879,-1.11188,0.01178,-1.13717,-1.1232,-0.02904,-1.13632,-1.12605,-0.06902,-1.13502,-1.12735,0.30092,-1.09664,0.01064,-0.14501,-1.10042,-0.04611,0.16478,-1.00496,-0.88052,-0.00391,-1.00358,-0.91785,0.56548,-0.74156,0.64667,-0.45892,-0.76099,0.66895,0.83923,-0.39315,0.47148,-0.76971,-0.40032,0.38215,1.22756,-0.67304,-0.91104,-1.14953,-0.66705,-1.32384,1.33381,-0.76899,-1.14538,-1.2383,-0.74627,-1.64793,1.27212,-0.80482,-1.27889,-1.20604,-0.79008,-1.78395,1.18471,-0.77115,-0.99445,-1.15985,-0.76078,-1.40575,0.32768,0.00782,-0.00117,-0.32768,-0.00782,0.00117,0.98147,0.62513,-0.85931,-1.03105,0.57774,-1.44744,0.70903,1.04923,1.30959,-0.71535,1.03296,0.68359,0.60874,1.11135,1.49791,-0.57475,1.08878,0.87675,1.11536,1.3431,0.73213,-1.16312,1.31216,0.09829
50,1,SALAH,-0.91606,0.52165,-1.35882,0.07086,-1.00908,-1.10829,0.13678,-1.06338,-0.89994,0.18708,-1.06153,-0.90194,0.22304,-1.05939,-0.90153,0.0087,-1.06674,-0.91053,-0.02846,-1.06598,-0.91304,-0.06481,-1.06476,-0.91409,0.2732,-1.02852,0.17457,-0.13316,-1.03117,0.12479,0.14803,-0.94678,-0.6918,-0.00517,-0.94585,-0.7236,0.51568,-0.69142,0.66585,-0.41993,-0.71038,0.75742,0.76704,-0.37174,0.31624,-0.69961,-0.37841,0.18985,1.11307,-0.64351,-1.28024,-1.04546,-0.62636,-1.62758,1.21796,-0.72395,-1.54649,-1.12885,-0.6958,-1.94731,1.15981,-0.75378,-1.65211,-1.10064,-0.7312,-2.06408,1.07718,-0.7296,-1.35634,-1.05932,-0.70646,-1.73029,0.29936,0.00633,-0.01721,-0.29936,-0.00633,0.01721,0.86427,0.56063,-0.90149,-0.91606,0.52165,-1.35882,0.64148,0.96903,1.1681,-0.64856,0.95115,0.58503,0.55046,1.0259,1.33984,-0.51521,1.00563,0.75614,1.00958,1.23664,0.57135,-1.05589,1.20732,0.02386
51,1,SALAH,-0.8509,0.50897,-1.32501,0.06639,-1.00076,-1.04272,0.12983,-1.05148,-0.84007,0.17846,-1.04943,-0.84199,0.21496,-1.04704,-0.84158,0.00516,-1.05598,-0.85044,-0.03138,-1.05531,-0.85296,-0.06603,-1.05507,-0.85405,0.26317,-1.01772,0.19667,-0.13313,-1.02402,0.14952,0.14033,-0.93951,-0.63848,-0.00803,-0.94001,-0.66962,0.49923,-0.69257,0.66166,-0.41456,-0.70736,0.76417,0.74497,-0.36783,0.30856,-0.68547,-0.3785,0.40115,1.08061,-0.63042,-1.0714,-1.02611,-0.62758,-0.85528,1.18392,-0.70218,-1.29644,-1.10321,-0.69676,-1.0981,1.13613,-0.72953,-1.40589,-1.08077,-0.73022,-1.21622,1.05662,-0.71005,-1.14423,-1.04364,-0.70625,-0.9496,0.29409,0.00795,-0.02904,-0.29409,-0.00795,0.02904,0.80038,0.53613,-0.932,-0.8509,0.50897,-1.32501,0.61925,0.96546,0.9904,-0.63305,0.94463,0.55582,0.53043,1.02483,1.14012,-0.50193,1.00205,0.7163,0.97722,1.22538,0.42518,-1.02828,1.19543,0.01082
52,1,SALAH,-0.82395,0.511,-1.27643,0.06988,-1.04274,-1.13077,0.1325,-1.09458,-0.95042,0.182,-1.09249,-0.95247,0.22018,-1.09018,-0.95212,0.00588,-1.09753,-0.96423,-0.03285,-1.09671,-0.96687,-0.06665,-1.09546,-0.96805,0.26688,-1.06255,0.10648,-0.1358,-1.06373,0.04629,0.14335,-0.98103,-0.74272,-0.00487,-0.97989,-0.77848,0.50923,-0.73051,0.63132,-0.42511,-0.73616,0.72454,0.75206,-0.3961,0.22793,-0.69992,-0.40032,0.42397,1.10002,-0.64393,-1.23666,-1.04845,-0.6555,-0.79606,1.20071,-0.71745,-1.48308,-1.12981,-0.72178,-1.04971,1.15358,-0.75062,-1.59931,-1.11101,-0.75539,-1.17644,1.08461,-0.72853,-1.31542,-1.07068,-0.73207,-0.89633,0.30036,0.00916,-0.03695,-0.30036,-0.00916,0.03695,0.77862,0.54759,-0.94284,-0.82395,0.511,-1.27643,0.62764,1.00082,0.98194,-0.64478,0.97948,0.58584,0.53745,1.06345,1.13127,-0.51097,1.04079,0.74657,0.99202,1.26617,0.37242,-1.04665,1.23353,0.01412
53,1,SALAH,-0.82843,0.54931,-1.28145,0.0776,-1.09215,-1.26411,0.13992,-1.14769,-1.08853,0.19108,-1.14608,-1.09069,0.23126,-1.14386,-1.09035,0.00822,-1.15028,-1.10198,-0.03453,-1.14948,-1.1047,-0.06915,-1.14758,-1.1059,0.27807,-1.11498,0.03757,-0.14196,-1.11239,-0.02183,0.15204,-1.02742,-0.86654,-9e-05,-1.02427,-0.90213,0.53399,-0.77026,0.56684,-0.44601,-0.7681,0.70816,0.77969,-0.40771,-0.09243,-0.73147,-0.40827,0.0322,1.14412,-0.67407,-2.0026,-1.09435,-0.68736,-1.85382,1.24646,-0.75248,-2.34572,-1.17769,-0.75016,-2.21831,1.19752,-0.78644,-2.47019,-1.16136,-0.78268,-2.35679,1.13406,-0.76253,-2.09714,-1.11793,-0.76429,-1.97727,0.31321,0.01037,-0.05626,-0.31321,-0.01037,0.05626,0.76946,0.59478,-0.90732,-0.82843,0.54931,-1.28145,0.65244,1.07346,1.02965,-0.67079,1.05044,0.65575,0.55906,1.13986,1.18643,-0.53048,1.11877,0.82288,1.02735,1.34983,0.35248,-1.08951,1.31542,0.02898
54,0,BENAR,-0.88225,0.61378,-1.18344,0.0964,-1.2311,-1.88043,0.1616,-1.29506,-1.63623,0.21907,-1.2929,-1.63895,0.26226,-1.28972,-1.63854,0.01717,-1.298,-1.64464,-0.03332,-1.29685,-1.64781,-0.0711,-1.29421,-1.64927,0.31214,-1.25117,-0.26924,-0.15295,-1.25215,-0.2968,0.17518,-1.15804,-1.36382,0.00853,-1.1555,-1.39479,0.5987,-0.8638,0.32486,-0.49434,-0.86701,0.63248,0.86114,-0.4617,-0.60961,-0.80525,-0.46521,-0.49706,1.2664,-0.75325,-2.92135,-1.20104,-0.77528,-2.85824,1.36833,-0.83544,-3.35338,-1.29058,-0.84931,-3.32026,1.3183,-0.8796,-3.49665,-1.27305,-0.88533,-3.46214,1.2589,-0.85434,-3.03276,-1.22529,-0.86469,-2.99748,0.34722,0.00654,-0.09314,-0.34722,-0.00654,0.09314,0.78968,0.64739,-0.87481,-0.88225,0.61378,-1.18344,0.72046,1.19377,1.22814,-0.73287,1.16519,0.99491,0.61855,1.26814,1.40057,-0.57933,1.24432,1.17494,1.12429,1.49835,0.27666,-1.19002,1.45916,0.20879
55,0,BENAR,-0.92527,0.68692,-1.06429,0.11624,-1.37421,-2.46932,0.18861,-1.44595,-2.19535,0.25213,-1.44355,-2.19844,0.30037,-1.43991,-2.19792,0.02875,-1.45058,-2.19995,-0.02823,-1.44965,-2.20352,-0.06954,-1.44692,-2.20522,0.35371,-1.3977,-0.65719,-0.16023,-1.40144,-0.67475,0.20258,-1.29173,-1.87456,0.01906,-1.29275,-1.9036,0.67209,-0.96489,0.09203,-0.54073,-0.9728,0.38558,0.95913,-0.51845,-0.98212,-0.88679,-0.52648,-0.79276,1.4205,-0.84044,-3.67425,-1.32637,-0.86374,-3.51891,1.51138,-0.93325,-4.18522,-1.41074,-0.94591,-4.06488,1.45824,-0.98112,-4.35143,-1.3919,-0.98851,-4.22083,1.40594,-0.95286,-3.8035,-1.33962,-0.96557,-3.67669,0.38439,0.00713,-0.11913,-0.38439,-0.00713,0.11913,0.82356,0.70795,-0.80811,-0.92527,0.68692,-1.06429,0.8014,1.33221,1.49368,-0.79529,1.2989,1.24724,0.69069,1.4177,1.65307,-0.62875,1.38901,1.43188,1.24184,1.67366,0.32124,-1.29733,1.62259,0.3462
56,0,BENAR,-0.88627,0.69977,-0.98943,0.13552,-1.41205,-2.82841,0.20939,-1.48259,-2.55043,0.27294,-1.47969,-2.55364,0.32286,-1.47618,-2.55308,0.04714,-1.48877,-2.55564,-0.01181,-1.48821,-2.55929,-0.05343,-1.48616,-2.56111,0.3757,-1.43373,-0.96857,-0.14547,-1.44152,-0.99231,0.2221,-1.32784,-2.21563,0.03599,-1.3316,-2.24601,0.69674,-0.99202,-0.1311,-0.5329,-1.00078,0.08787,0.99803,-0.52421,-1.28958,-0.88195,-0.53819,-1.09759,1.47346,-0.85846,-4.14018,-1.33211,-0.88801,-3.89625,1.54424,-0.95117,-4.68621,-1.40916,-0.96864,-4.47694,1.49183,-1.00278,-4.86025,-1.3898,-1.00784,-4.63526,1.44676,-0.97195,-4.27655,-1.33957,-0.98412,-4.05849,0.38801,0.00812,-0.11803,-0.38801,-0.00812,0.11803,0.80916,0.71648,-0.65177,-0.88627,0.69977,-0.98943,0.82844,1.36263,1.55438,-0.78631,1.32913,1.32324,0.7184,1.4515,1.70127,-0.61975,1.42173,1.49906,1.27275,1.70833,0.37817,-1.2953,1.65634,0.31335
57,0,BENAR,-0.82869,0.69386,-0.70253,0.14316,-1.4048,-2.78943,0.2178,-1.47598,-2.51639,0.27924,-1.47271,-2.51957,0.32963,-1.46878,-2.51902,0.05757,-1.48266,-2.52135,-0.00105,-1.48242,-2.52494,-0.04247,-1.48041,-2.52673,0.38057,-1.42576,-0.96292,-0.133,-1.43626,-0.98309,0.2286,-1.32292,-2.1869,0.04525,-1.3257,-2.21637,0.69496,-0.98746,-0.14816,-0.51374,-1.00241,0.07802,1.00306,-0.52813,-1.30013,-0.85693,-0.5438,-1.09168,1.46315,-0.85298,-4.12241,-1.30657,-0.88256,-3.8431,1.52285,-0.94107,-4.66465,-1.38182,-0.95653,-4.41518,1.47652,-0.99519,-4.83941,-1.36218,-0.99659,-4.57264,1.43526,-0.96415,-4.25909,-1.31528,-0.97574,-4.0037,0.38315,0.0093,-0.11094,-0.38315,-0.0093,0.11094,0.78682,0.70432,-0.4833,-0.82869,0.69386,-0.70253,0.82469,1.3463,1.68239,-0.7605,1.31628,1.47163,0.71646,1.43438,1.81325,-0.60067,1.40823,1.63139,1.25596,1.6877,0.49976,-1.26264,1.63501,0.43089
58,0,BENAR,-0.76859,0.67282,-0.46718,0.14881,-1.37878,-2.85461,0.22215,-1.44746,-2.59549,0.28079,-1.4433,-2.59879,0.33065,-1.43858,-2.59832,0.06606,-1.45547,-2.59321,0.00921,-1.45504,-2.5967,-0.03139,-1.45208,-2.59848,0.37923,-1.39577,-1.08925,-0.12049,-1.40835,-1.07438,0.2317,-1.29969,-2.26826,0.05251,-1.3024,-2.28752,0.68335,-0.97147,-0.31116,-0.48835,-0.98979,-0.01865,0.98384,-0.52777,-1.47929,-0.82176,-0.54817,-1.16129,1.42588,-0.83933,-4.2525,-1.25811,-0.86607,-3.83745,1.48154,-0.91874,-4.79362,-1.32887,-0.94194,-4.40327,1.44078,-0.97308,-4.9622,-1.31124,-0.98365,-4.57076,1.40191,-0.94464,-4.38542,-1.26654,-0.96151,-4.00238,0.37062,0.00847,-0.11009,-0.37062,-0.00847,0.11009,0.75543,0.68002,-0.34682,-0.76859,0.67282,-0.46718,0.80978,1.3021,1.82294,-0.72246,1.27327,1.70581,0.70705,1.38744,1.9572,-0.57427,1.36244,1.86628,1.22296,1.63332,0.72205,-1.21072,1.58153,0.71039
59,0,BENAR,-0.73576,0.65747,-0.38618,0.15188,-1.37315,-2.83904,0.22606,-1.4385,-2.58651,0.28296,-1.43435,-2.58978,0.33263,-1.42998,-2.58932,0.07147,-1.44747,-2.58172,0.01531,-1.44738,-2.58517,-0.02584,-1.4447,-2.58692,0.3805,-1.3892,-1.10959,-0.11395,-1.40325,-1.08364,0.23403,-1.29403,-2.26329,0.05439,-1.29924,-2.27915,0.67979,-0.96726,-0.34925,-0.47516,-0.98551,-0.03119,0.98656,-0.53099,-1.49391,-0.80314,-0.55771,-1.10716,1.40986,-0.84595,-4.20867,-1.23567,-0.8701,-3.70568,1.4644,-0.92227,-4.74059,-1.30465,-0.95008,-4.25409,1.42647,-0.975,-4.90417,-1.28547,-0.98723,-4.41661,1.38881,-0.94746,-4.33781,-1.24417,-0.96228,-3.86602,0.3644,0.00834,-0.11085,-0.3644,-0.00834,0.11085,0.74416,0.66805,-0.30644,-0.73576,0.65747,-0.38618,0.80579,1.27771,1.87107,-0.70226,1.25082,1.75799,0.70705,1.36228,2.00764,-0.55903,1.33968,1.91578,1.20671,1.60368,0.79547,-1.185,1.551,0.76719
60,0,BENAR,-0.71333,0.65526,-0.34119,0.15404,-1.38027,-2.74338,0.22954,-1.44404,-2.49414,0.28468,-1.44011,-2.49738,0.33601,-1.43604,-2.49693,0.07434,-1.45382,-2.48857,0.01818,-1.45421,-2.49203,-0.0244,-1.45184,-2.49378,0.3839,-1.39502,-1.04446,-0.11243,-1.41079,-1.01611,0.23629,-1.29925,-2.17814,0.0539,-1.30535,-2.19304,0.68304,-0.9741,-0.31843,-0.47201,-0.99,0.00714,0.99265,-0.53629,-1.42221,-0.7943,-0.56018,-1.07965,1.41272,-0.85174,-4.03465,-1.23518,-0.87585,-3.61581,1.46762,-0.92726,-4.54166,-1.3102,-0.95449,-4.14709,1.432,-0.97951,-4.70327,-1.29225,-0.98872,-4.27272,1.39776,-0.95212,-4.15986,-1.25108,-0.96335,-3.75222,0.36323,0.00866,-0.12344,-0.36323,-0.00866,0.12344,0.74262,0.66617,-0.30517,-0.71333,0.65526,-0.34119,0.80973,1.27638,1.82885,-0.69746,1.25155,1.71153,0.71117,1.36168,1.96392,-0.55601,1.34314,1.85873,1.20616,1.60219,0.799,-1.17608,1.5463,0.73923
61,0,BENAR,-0.70764,0.65806,-0.30012,0.15396,-1.38869,-2.68033,0.23135,-1.45251,-2.43022,0.2857,-1.44875,-2.43341,0.33828,-1.44469,-2.43297,0.0745,-1.4625,-2.42589,0.01803,-1.46308,-2.42932,-0.02555,-1.46108,-2.43103,0.38638,-1.40357,-0.9865,-0.11391,-1.41917,-0.96645,0.23752,-1.30736,-2.1176,0.05076,-1.31337,-2.13409,0.68674,-0.97975,-0.27132,-0.47378,-0.99443,0.03247,0.99826,-0.54012,-1.35181,-0.79305,-0.55924,-1.02428,1.42002,-0.85424,-3.96597,-1.24418,-0.87852,-3.43538,1.47549,-0.9298,-4.46392,-1.32064,-0.95544,-3.94472,1.44212,-0.98185,-4.64133,-1.30949,-0.9889,-4.09612,1.40994,-0.95455,-4.09723,-1.26788,-0.96478,-3.58086,0.36455,0.00907,-0.1259,-0.36455,-0.00907,0.1259,0.73602,0.67173,-0.27832,-0.70764,0.65806,-0.30012,0.81537,1.28555,1.84861,-0.7003,1.26105,1.70695,0.71778,1.37255,1.98292,-0.56004,1.35314,1.85187,1.21174,1.61139,0.83274,-1.17488,1.55423,0.7277
62,0,BENAR,-0.70264,0.66783,-0.33744,0.15292,-1.39232,-2.66878,0.23231,-1.45699,-2.41555,0.28613,-1.45396,-2.41872,0.33976,-1.45046,-2.41828,0.07374,-1.46631,-2.41173,0.01703,-1.46691,-2.41512,-0.02665,-1.46521,-2.4168,0.38802,-1.41073,-0.96419,-0.11519,-1.42384,-0.95231,0.23796,-1.31147,-2.10238,0.04898,-1.31659,-2.11961,0.68924,-0.98334,-0.24676,-0.47672,-0.99599,0.05439,1.00276,-0.53696,-1.32033,-0.79672,-0.55665,-0.94085,1.42718,-0.85982,-3.88835,-1.25385,-0.87567,-3.22017,1.48412,-0.93756,-4.34656,-1.32893,-0.95301,-3.70377,1.45308,-0.99161,-4.54026,-1.31787,-0.98695,-3.87768,1.41865,-0.96396,-4.02504,-1.27625,-0.96321,-3.37657,0.36626,0.0098,-0.11847,-0.36626,-0.0098,0.11847,0.72385,0.67939,-0.22357,-0.70264,0.66783,-0.33744,0.81994,1.29867,1.9042,-0.70463,1.2749,1.6734,0.72304,1.38689,2.03724,-0.56595,1.36732,1.82882,1.21697,1.62502,0.89496,-1.18168,1.56887,0.71352
63,0,BENAR,-0.69546,0.67751,-0.40008,0.15223,-1.40096,-2.47948,0.23427,-1.46657,-2.23236,0.28782,-1.46364,-2.23562,0.34258,-1.46019,-2.23516,0.0736,-1.4756,-2.23515,0.01657,-1.4762,-2.2388,-0.02747,-1.47461,-2.24055,0.39151,-1.41942,-0.83869,-0.11651,-1.43355,-0.85337,0.23923,-1.31927,-1.93647,0.04773,-1.32607,-1.96261,0.69475,-0.98723,-0.13424,-0.48059,-1.00106,0.11779,1.0112,-0.53354,-1.13617,-0.80019,-0.56118,-0.67962,1.43988,-0.87431,-3.63586,-1.26526,-0.87656,-2.93092,1.49738,-0.96018,-4.09148,-1.33974,-0.95214,-3.39186,1.46681,-1.01853,-4.26303,-1.32925,-0.98697,-3.58176,1.43135,-0.98541,-3.76143,-1.28721,-0.96353,-3.09281,0.36925,0.01052,-0.11494,-0.36925,-0.01052,0.11494,0.70766,0.68603,-0.23507,-0.69546,0.67751,-0.40008,0.82738,1.31807,1.7568,-0.71038,1.29364,1.5643,0.73026,1.40928,1.86194,-0.57135,1.38714,1.69903,1.22783,1.64593,0.72041,-1.19521,1.59003,0.60807
64,0,BENAR,-0.68562,0.67446,-0.39041,0.15167,-1.40232,-2.41467,0.23497,-1.46843,-2.17465,0.28821,-1.46548,-2.17791,0.34306,-1.4619,-2.1775,0.07385,-1.477,-2.17821,0.01706,-1.47732,-2.18192,-0.02698,-1.4756,-2.1837,0.39247,-1.42006,-0.81582,-0.11577,-1.43444,-0.82741,0.23945,-1.32108,-1.88439,0.04723,-1.32917,-1.91174,0.69421,-0.98538,-0.11648,-0.47902,-1.00297,0.12879,1.01039,-0.53088,-0.992,-0.79589,-0.56259,-0.58578,1.44234,-0.87908,-3.30134,-1.26243,-0.87768,-2.65036,1.49726,-0.97032,-3.71571,-1.3378,-0.94797,-3.06764,1.46783,-1.02855,-3.88198,-1.3273,-0.98217,-3.26229,1.43184,-0.99205,-3.41933,-1.28514,-0.9604,-2.80906,0.36827,0.01055,-0.10764,-0.36827,-0.01055,0.10764,0.68811,0.68099,-0.21073,-0.68562,0.67446,-0.39041,0.82796,1.3197,1.66845,-0.70872,1.29318,1.54578,0.731,1.41475,1.768,-0.57057,1.3869,1.67603,1.22946,1.64385,0.64965,-1.19437,1.59022,0.60634
